<?xml version='1.0' encoding='UTF-8' standalone='no'?>
<doxygen xmlns:xsi="http://www.w3.org/2001/XMLSchema-instance" xsi:noNamespaceSchemaLocation="compound.xsd" version="1.8.9.1">
  <compounddef id="_board_8h" kind="file" language="C++">
    <compoundname>Board.h</compoundname>
    <includes local="no">cstdlib</includes>
    <includes local="no">iostream</includes>
    <includes local="no">iomanip</includes>
    <includes local="no">ctime</includes>
    <includedby refid="main_8cpp" local="yes">main.cpp</includedby>
    <incdepgraph>
      <node id="5">
        <label>iomanip</label>
      </node>
      <node id="2">
        <label>Board.h</label>
        <link refid="Board.h"/>
        <childnode refid="3" relation="include">
        </childnode>
        <childnode refid="4" relation="include">
        </childnode>
        <childnode refid="5" relation="include">
        </childnode>
        <childnode refid="6" relation="include">
        </childnode>
      </node>
      <node id="6">
        <label>ctime</label>
      </node>
      <node id="3">
        <label>cstdlib</label>
      </node>
      <node id="4">
        <label>iostream</label>
      </node>
    </incdepgraph>
    <invincdepgraph>
      <node id="8">
        <label>main.cpp</label>
        <link refid="main_8cpp"/>
      </node>
      <node id="7">
        <label>Board.h</label>
        <link refid="Board.h"/>
        <childnode refid="8" relation="include">
        </childnode>
      </node>
    </invincdepgraph>
    <innerclass refid="struct_board" prot="public">Board</innerclass>
    <briefdescription>
    </briefdescription>
    <detaileddescription>
    </detaileddescription>
    <programlisting>
<codeline lineno="1"><highlight class="comment">/*<sp/></highlight></codeline>
<codeline lineno="2"><highlight class="comment"><sp/>*<sp/>File:<sp/><sp/><sp/>Board.h</highlight></codeline>
<codeline lineno="3"><highlight class="comment"><sp/>*<sp/>Author:<sp/>Nornubari&apos;s<sp/>Laptop</highlight></codeline>
<codeline lineno="4"><highlight class="comment"><sp/>*</highlight></codeline>
<codeline lineno="5"><highlight class="comment"><sp/>*<sp/>Created<sp/>on<sp/>April<sp/>26,<sp/>2015,<sp/>4:40<sp/>PM</highlight></codeline>
<codeline lineno="6"><highlight class="comment"><sp/>*/</highlight><highlight class="normal"></highlight></codeline>
<codeline lineno="7"><highlight class="normal"></highlight></codeline>
<codeline lineno="8"><highlight class="normal"></highlight><highlight class="preprocessor">#ifndef<sp/>BOARD_H</highlight><highlight class="normal"></highlight></codeline>
<codeline lineno="9"><highlight class="normal"></highlight><highlight class="preprocessor">#define<sp/>BOARD_H</highlight><highlight class="normal"></highlight></codeline>
<codeline lineno="10"><highlight class="normal"></highlight><highlight class="preprocessor">#include<sp/>&lt;cstdlib&gt;</highlight><highlight class="normal"></highlight></codeline>
<codeline lineno="11"><highlight class="normal"></highlight><highlight class="preprocessor">#include<sp/>&lt;iostream&gt;</highlight><highlight class="normal"></highlight></codeline>
<codeline lineno="12"><highlight class="normal"></highlight><highlight class="preprocessor">#include<sp/>&lt;iomanip&gt;</highlight><highlight class="normal"></highlight></codeline>
<codeline lineno="13"><highlight class="normal"></highlight><highlight class="preprocessor">#include<sp/>&lt;ctime&gt;</highlight><highlight class="normal"></highlight></codeline>
<codeline lineno="14"><highlight class="normal"></highlight></codeline>
<codeline lineno="15" refid="struct_board" refkind="compound"><highlight class="normal"></highlight><highlight class="keyword">struct<sp/></highlight><highlight class="normal"><ref refid="struct_board" kindref="compound">Board</ref></highlight></codeline>
<codeline lineno="16"><highlight class="normal">{</highlight></codeline>
<codeline lineno="17" refid="struct_board_1ab0678710e0cb026be902dbb6a8ad8c40" refkind="member"><highlight class="normal"><sp/><sp/><sp/><sp/></highlight><highlight class="keywordtype">int</highlight><highlight class="normal"><sp/><ref refid="struct_board_1ab0678710e0cb026be902dbb6a8ad8c40" kindref="member">rows</ref>;<sp/><sp/><sp/><sp/><sp/></highlight><highlight class="comment">//The<sp/>number<sp/>of<sp/>rows<sp/>in<sp/>the<sp/>board</highlight><highlight class="normal"></highlight></codeline>
<codeline lineno="18" refid="struct_board_1abd6db5048c565a2236812ae739f12638" refkind="member"><highlight class="normal"><sp/><sp/><sp/><sp/></highlight><highlight class="keywordtype">int</highlight><highlight class="normal"><sp/><ref refid="struct_board_1abd6db5048c565a2236812ae739f12638" kindref="member">columns</ref>;<sp/><sp/></highlight><highlight class="comment">//The<sp/>number<sp/>of<sp/>columns<sp/>in<sp/>the<sp/>board</highlight><highlight class="normal"></highlight></codeline>
<codeline lineno="19" refid="struct_board_1a8516818f13e7662c7cbda336307cf38e" refkind="member"><highlight class="normal"><sp/><sp/><sp/><sp/></highlight><highlight class="keywordtype">int</highlight><highlight class="normal"><sp/><ref refid="struct_board_1a8516818f13e7662c7cbda336307cf38e" kindref="member">ships</ref>;<sp/><sp/><sp/><sp/></highlight><highlight class="comment">//The<sp/>number<sp/>of<sp/>ships<sp/>in<sp/>the<sp/>board</highlight><highlight class="normal"></highlight></codeline>
<codeline lineno="20"><highlight class="normal">};</highlight></codeline>
<codeline lineno="21"><highlight class="normal"></highlight></codeline>
<codeline lineno="22"><highlight class="normal"></highlight><highlight class="preprocessor">#endif<sp/><sp/></highlight><highlight class="comment">/*<sp/>BOARD_H<sp/>*/</highlight><highlight class="preprocessor"></highlight><highlight class="normal"></highlight></codeline>
<codeline lineno="23"><highlight class="normal"></highlight></codeline>
    </programlisting>
    <location file="C:/Users/Nornubari's Laptop/Desktop/KanaboloNornubari_CSC17a_43950/Projects/CSC17A_Project_1/Board.h"/>
  </compounddef>
</doxygen>
