<?xml version='1.0' encoding='UTF-8' standalone='no'?>
<doxygen xmlns:xsi="http://www.w3.org/2001/XMLSchema-instance" xsi:noNamespaceSchemaLocation="compound.xsd" version="1.8.9.1">
  <compounddef id="_players_8h" kind="file" language="C++">
    <compoundname>Players.h</compoundname>
    <includes local="no">cstdlib</includes>
    <includes local="no">iostream</includes>
    <includes local="no">iomanip</includes>
    <includes local="no">ctime</includes>
    <includedby refid="main_8cpp" local="yes">main.cpp</includedby>
    <incdepgraph>
      <node id="20">
        <label>iomanip</label>
      </node>
      <node id="17">
        <label>Players.h</label>
        <link refid="Players.h"/>
        <childnode refid="18" relation="include">
        </childnode>
        <childnode refid="19" relation="include">
        </childnode>
        <childnode refid="20" relation="include">
        </childnode>
        <childnode refid="21" relation="include">
        </childnode>
      </node>
      <node id="21">
        <label>ctime</label>
      </node>
      <node id="18">
        <label>cstdlib</label>
      </node>
      <node id="19">
        <label>iostream</label>
      </node>
    </incdepgraph>
    <invincdepgraph>
      <node id="22">
        <label>Players.h</label>
        <link refid="Players.h"/>
        <childnode refid="23" relation="include">
        </childnode>
      </node>
      <node id="23">
        <label>main.cpp</label>
        <link refid="main_8cpp"/>
      </node>
    </invincdepgraph>
    <innerclass refid="struct_players" prot="public">Players</innerclass>
    <briefdescription>
    </briefdescription>
    <detaileddescription>
    </detaileddescription>
    <programlisting>
<codeline lineno="1"><highlight class="comment">/*<sp/></highlight></codeline>
<codeline lineno="2"><highlight class="comment"><sp/>*<sp/>File:<sp/><sp/><sp/>Players.h</highlight></codeline>
<codeline lineno="3"><highlight class="comment"><sp/>*<sp/>Author:<sp/>Nornubari&apos;s<sp/>Laptop</highlight></codeline>
<codeline lineno="4"><highlight class="comment"><sp/>*</highlight></codeline>
<codeline lineno="5"><highlight class="comment"><sp/>*<sp/>Created<sp/>on<sp/>April<sp/>26,<sp/>2015,<sp/>4:41<sp/>PM</highlight></codeline>
<codeline lineno="6"><highlight class="comment"><sp/>*/</highlight><highlight class="normal"></highlight></codeline>
<codeline lineno="7"><highlight class="normal"></highlight></codeline>
<codeline lineno="8"><highlight class="normal"></highlight><highlight class="preprocessor">#ifndef<sp/>PLAYERS_H</highlight><highlight class="normal"></highlight></codeline>
<codeline lineno="9"><highlight class="normal"></highlight><highlight class="preprocessor">#define<sp/>PLAYERS_H</highlight><highlight class="normal"></highlight></codeline>
<codeline lineno="10"><highlight class="normal"></highlight><highlight class="preprocessor">#include<sp/>&lt;cstdlib&gt;</highlight><highlight class="normal"></highlight></codeline>
<codeline lineno="11"><highlight class="normal"></highlight><highlight class="preprocessor">#include<sp/>&lt;iostream&gt;</highlight><highlight class="normal"></highlight></codeline>
<codeline lineno="12"><highlight class="normal"></highlight><highlight class="preprocessor">#include<sp/>&lt;iomanip&gt;</highlight><highlight class="normal"></highlight></codeline>
<codeline lineno="13"><highlight class="normal"></highlight><highlight class="preprocessor">#include<sp/>&lt;ctime&gt;</highlight><highlight class="normal"></highlight></codeline>
<codeline lineno="14"><highlight class="normal"></highlight></codeline>
<codeline lineno="15" refid="struct_players" refkind="compound"><highlight class="normal"></highlight><highlight class="keyword">struct<sp/></highlight><highlight class="normal"><ref refid="struct_players" kindref="compound">Players</ref></highlight></codeline>
<codeline lineno="16"><highlight class="normal">{</highlight></codeline>
<codeline lineno="17" refid="struct_players_1abb5b042a3f596d8dcc59ee789e39ab5e" refkind="member"><highlight class="normal"><sp/><sp/><sp/><sp/></highlight><highlight class="keywordtype">char</highlight><highlight class="normal"><sp/><ref refid="struct_players_1abb5b042a3f596d8dcc59ee789e39ab5e" kindref="member">playrBd</ref>;<sp/><sp/></highlight><highlight class="comment">//Array<sp/>with<sp/>all<sp/>the<sp/>player<sp/>tokens</highlight><highlight class="normal"></highlight></codeline>
<codeline lineno="18" refid="struct_players_1a6121609150ccdce226350cc99ae2f5e6" refkind="member"><highlight class="normal"><sp/><sp/><sp/><sp/></highlight><highlight class="keywordtype">char</highlight><highlight class="normal"><sp/><ref refid="struct_players_1a6121609150ccdce226350cc99ae2f5e6" kindref="member">enemyBd</ref>;<sp/><sp/><sp/></highlight><highlight class="comment">//Array<sp/>with<sp/>all<sp/>the<sp/>enemy<sp/>tokens</highlight><highlight class="normal"></highlight></codeline>
<codeline lineno="19"><highlight class="normal">};</highlight></codeline>
<codeline lineno="20"><highlight class="normal"></highlight></codeline>
<codeline lineno="21"><highlight class="normal"></highlight><highlight class="preprocessor">#endif<sp/><sp/></highlight><highlight class="comment">/*<sp/>PLAYERS_H<sp/>*/</highlight><highlight class="preprocessor"></highlight><highlight class="normal"></highlight></codeline>
<codeline lineno="22"><highlight class="normal"></highlight></codeline>
    </programlisting>
    <location file="C:/Users/Nornubari's Laptop/Desktop/KanaboloNornubari_CSC17a_43950/Projects/CSC17A_Project_1/Players.h"/>
  </compounddef>
</doxygen>
