<?xml version='1.0' encoding='UTF-8' standalone='no'?>
<doxygen xmlns:xsi="http://www.w3.org/2001/XMLSchema-instance" xsi:noNamespaceSchemaLocation="compound.xsd" version="1.8.9.1">
  <compounddef id="main_8cpp" kind="file" language="C++">
    <compoundname>main.cpp</compoundname>
    <includes local="no">cstdlib</includes>
    <includes local="no">iostream</includes>
    <includes local="no">iomanip</includes>
    <includes local="no">ctime</includes>
    <includes refid="_board_8h" local="yes">Board.h</includes>
    <includes refid="_players_8h" local="yes">Players.h</includes>
    <incdepgraph>
      <node id="12">
        <label>iomanip</label>
      </node>
      <node id="15">
        <label>Players.h</label>
        <link refid="_players_8h"/>
        <childnode refid="10" relation="include">
        </childnode>
        <childnode refid="11" relation="include">
        </childnode>
        <childnode refid="12" relation="include">
        </childnode>
        <childnode refid="13" relation="include">
        </childnode>
      </node>
      <node id="9">
        <label>main.cpp</label>
        <link refid="main.cpp"/>
        <childnode refid="10" relation="include">
        </childnode>
        <childnode refid="11" relation="include">
        </childnode>
        <childnode refid="12" relation="include">
        </childnode>
        <childnode refid="13" relation="include">
        </childnode>
        <childnode refid="14" relation="include">
        </childnode>
        <childnode refid="15" relation="include">
        </childnode>
      </node>
      <node id="14">
        <label>Board.h</label>
        <link refid="_board_8h"/>
        <childnode refid="10" relation="include">
        </childnode>
        <childnode refid="11" relation="include">
        </childnode>
        <childnode refid="12" relation="include">
        </childnode>
        <childnode refid="13" relation="include">
        </childnode>
      </node>
      <node id="13">
        <label>ctime</label>
      </node>
      <node id="10">
        <label>cstdlib</label>
      </node>
      <node id="11">
        <label>iostream</label>
      </node>
    </incdepgraph>
    <innernamespace refid="namespacestd">std</innernamespace>
      <sectiondef kind="func">
      <memberdef kind="function" id="main_8cpp_1ab0bdf5cca484fb2ba637c39384b27fb2" prot="public" static="no" const="no" explicit="no" inline="no" virt="non-virtual">
        <type>void</type>
        <definition>void begin</definition>
        <argsstring>()</argsstring>
        <name>begin</name>
        <briefdescription>
        </briefdescription>
        <detaileddescription>
        </detaileddescription>
        <inbodydescription>
        </inbodydescription>
        <location file="C:/Users/Nornubari's Laptop/Desktop/KanaboloNornubari_CSC17a_43950/Projects/CSC17A_Project_1/main.cpp" line="20" column="1" bodyfile="C:/Users/Nornubari's Laptop/Desktop/KanaboloNornubari_CSC17a_43950/Projects/CSC17A_Project_1/main.cpp" bodystart="63" bodyend="71"/>
      </memberdef>
      <memberdef kind="function" id="main_8cpp_1acb722b7038e1a09a439b65544ce4550b" prot="public" static="no" const="no" explicit="no" inline="no" virt="non-virtual">
        <type>void</type>
        <definition>void prntBrd</definition>
        <argsstring>(Board)</argsstring>
        <name>prntBrd</name>
        <param>
          <type><ref refid="struct_board" kindref="compound">Board</ref></type>
          <defname>a</defname>
        </param>
        <briefdescription>
        </briefdescription>
        <detaileddescription>
        </detaileddescription>
        <inbodydescription>
        </inbodydescription>
        <location file="C:/Users/Nornubari's Laptop/Desktop/KanaboloNornubari_CSC17a_43950/Projects/CSC17A_Project_1/main.cpp" line="22" column="1" bodyfile="C:/Users/Nornubari's Laptop/Desktop/KanaboloNornubari_CSC17a_43950/Projects/CSC17A_Project_1/main.cpp" bodystart="74" bodyend="108"/>
      </memberdef>
      <memberdef kind="function" id="main_8cpp_1a83c98021351a69d6a8f98a228870cd53" prot="public" static="no" const="no" explicit="no" inline="no" virt="non-virtual">
        <type><ref refid="struct_players" kindref="compound">Players</ref> **</type>
        <definition>Players ** usrInp</definition>
        <argsstring>(Board)</argsstring>
        <name>usrInp</name>
        <param>
          <type><ref refid="struct_board" kindref="compound">Board</ref></type>
          <defname>b</defname>
        </param>
        <briefdescription>
        </briefdescription>
        <detaileddescription>
        </detaileddescription>
        <inbodydescription>
        </inbodydescription>
        <location file="C:/Users/Nornubari's Laptop/Desktop/KanaboloNornubari_CSC17a_43950/Projects/CSC17A_Project_1/main.cpp" line="24" column="1" bodyfile="C:/Users/Nornubari's Laptop/Desktop/KanaboloNornubari_CSC17a_43950/Projects/CSC17A_Project_1/main.cpp" bodystart="110" bodyend="194"/>
      </memberdef>
      <memberdef kind="function" id="main_8cpp_1a0a8867b1e11289d970883db934999bd5" prot="public" static="no" const="no" explicit="no" inline="no" virt="non-virtual">
        <type>void</type>
        <definition>void war</definition>
        <argsstring>(Board, Players **)</argsstring>
        <name>war</name>
        <param>
          <type><ref refid="struct_board" kindref="compound">Board</ref></type>
          <defname>g</defname>
        </param>
        <param>
          <type><ref refid="struct_players" kindref="compound">Players</ref> **</type>
          <defname>b</defname>
        </param>
        <briefdescription>
        </briefdescription>
        <detaileddescription>
        </detaileddescription>
        <inbodydescription>
        </inbodydescription>
        <location file="C:/Users/Nornubari's Laptop/Desktop/KanaboloNornubari_CSC17a_43950/Projects/CSC17A_Project_1/main.cpp" line="26" column="1" bodyfile="C:/Users/Nornubari's Laptop/Desktop/KanaboloNornubari_CSC17a_43950/Projects/CSC17A_Project_1/main.cpp" bodystart="197" bodyend="349"/>
      </memberdef>
      <memberdef kind="function" id="main_8cpp_1a3c04138a5bfe5d72780bb7e82a18e627" prot="public" static="no" const="no" explicit="no" inline="no" virt="non-virtual">
        <type>int</type>
        <definition>int main</definition>
        <argsstring>(int argc, char **argv)</argsstring>
        <name>main</name>
        <param>
          <type>int</type>
          <declname>argc</declname>
        </param>
        <param>
          <type>char **</type>
          <declname>argv</declname>
        </param>
        <briefdescription>
        </briefdescription>
        <detaileddescription>
        </detaileddescription>
        <inbodydescription>
        </inbodydescription>
        <location file="C:/Users/Nornubari's Laptop/Desktop/KanaboloNornubari_CSC17a_43950/Projects/CSC17A_Project_1/main.cpp" line="30" column="1" bodyfile="C:/Users/Nornubari's Laptop/Desktop/KanaboloNornubari_CSC17a_43950/Projects/CSC17A_Project_1/main.cpp" bodystart="30" bodyend="61"/>
      </memberdef>
      </sectiondef>
    <briefdescription>
    </briefdescription>
    <detaileddescription>
    </detaileddescription>
    <programlisting>
<codeline lineno="1"><highlight class="comment">/*<sp/></highlight></codeline>
<codeline lineno="2"><highlight class="comment"><sp/>*<sp/>File:<sp/><sp/><sp/>main.cpp</highlight></codeline>
<codeline lineno="3"><highlight class="comment"><sp/>*<sp/>Author:<sp/>Nornubari<sp/>Kanabolo</highlight></codeline>
<codeline lineno="4"><highlight class="comment"><sp/>*<sp/>Project<sp/>1<sp/>-<sp/>War<sp/>of<sp/>Ships</highlight></codeline>
<codeline lineno="5"><highlight class="comment"><sp/>*/</highlight><highlight class="normal"></highlight></codeline>
<codeline lineno="6"><highlight class="normal"></highlight></codeline>
<codeline lineno="7"><highlight class="normal"></highlight><highlight class="comment">//User<sp/>Defined<sp/>Libraries</highlight><highlight class="normal"></highlight></codeline>
<codeline lineno="8"><highlight class="normal"></highlight><highlight class="preprocessor">#include<sp/>&lt;cstdlib&gt;</highlight><highlight class="normal"></highlight></codeline>
<codeline lineno="9"><highlight class="normal"></highlight><highlight class="preprocessor">#include<sp/>&lt;iostream&gt;</highlight><highlight class="normal"></highlight></codeline>
<codeline lineno="10"><highlight class="normal"></highlight><highlight class="preprocessor">#include<sp/>&lt;iomanip&gt;</highlight><highlight class="normal"></highlight></codeline>
<codeline lineno="11"><highlight class="normal"></highlight><highlight class="preprocessor">#include<sp/>&lt;ctime&gt;</highlight><highlight class="normal"></highlight></codeline>
<codeline lineno="12"><highlight class="normal"></highlight><highlight class="preprocessor">#include<sp/>&quot;<ref refid="_board_8h" kindref="compound">Board.h</ref>&quot;</highlight><highlight class="normal"></highlight></codeline>
<codeline lineno="13"><highlight class="normal"></highlight><highlight class="preprocessor">#include<sp/>&quot;<ref refid="_players_8h" kindref="compound">Players.h</ref>&quot;</highlight><highlight class="normal"></highlight></codeline>
<codeline lineno="14"><highlight class="normal"></highlight></codeline>
<codeline lineno="15"><highlight class="normal"></highlight><highlight class="keyword">using<sp/>namespace<sp/></highlight><highlight class="normal"><ref refid="namespacestd" kindref="compound">std</ref>;</highlight></codeline>
<codeline lineno="16"><highlight class="normal"></highlight></codeline>
<codeline lineno="17"><highlight class="normal"></highlight><highlight class="comment">//Function<sp/>Prototypes</highlight><highlight class="normal"></highlight></codeline>
<codeline lineno="18"><highlight class="normal"></highlight></codeline>
<codeline lineno="19"><highlight class="normal"></highlight><highlight class="comment">//Prints<sp/>the<sp/>beginning<sp/>to<sp/>the<sp/>game</highlight><highlight class="normal"></highlight></codeline>
<codeline lineno="20"><highlight class="normal"></highlight><highlight class="keywordtype">void</highlight><highlight class="normal"><sp/><ref refid="main_8cpp_1ab0bdf5cca484fb2ba637c39384b27fb2" kindref="member">begin</ref>();</highlight></codeline>
<codeline lineno="21"><highlight class="normal"></highlight><highlight class="comment">//Prints<sp/>the<sp/>starting<sp/>board</highlight><highlight class="normal"></highlight></codeline>
<codeline lineno="22"><highlight class="normal"></highlight><highlight class="keywordtype">void</highlight><highlight class="normal"><sp/><ref refid="main_8cpp_1acb722b7038e1a09a439b65544ce4550b" kindref="member">prntBrd</ref>(<ref refid="struct_board" kindref="compound">Board</ref>);</highlight></codeline>
<codeline lineno="23"><highlight class="normal"></highlight><highlight class="comment">//Gets<sp/>the<sp/>ships<sp/>position<sp/>in<sp/>the<sp/>board</highlight><highlight class="normal"></highlight></codeline>
<codeline lineno="24"><highlight class="normal"><ref refid="struct_players" kindref="compound">Players</ref><sp/>**<ref refid="main_8cpp_1a83c98021351a69d6a8f98a228870cd53" kindref="member">usrInp</ref>(<ref refid="struct_board" kindref="compound">Board</ref>);</highlight></codeline>
<codeline lineno="25"><highlight class="normal"></highlight><highlight class="comment">//Where<sp/>the<sp/>war<sp/>is</highlight><highlight class="normal"></highlight></codeline>
<codeline lineno="26"><highlight class="normal"></highlight><highlight class="keywordtype">void</highlight><highlight class="normal"><sp/><ref refid="main_8cpp_1a0a8867b1e11289d970883db934999bd5" kindref="member">war</ref>(<ref refid="struct_board" kindref="compound">Board</ref>,<sp/><ref refid="struct_players" kindref="compound">Players</ref>**);</highlight></codeline>
<codeline lineno="27"><highlight class="normal"></highlight></codeline>
<codeline lineno="28"><highlight class="normal"></highlight><highlight class="comment">//Execution<sp/>Begins<sp/>Here</highlight><highlight class="normal"></highlight></codeline>
<codeline lineno="29"><highlight class="normal"></highlight></codeline>
<codeline lineno="30" refid="main_8cpp_1a3c04138a5bfe5d72780bb7e82a18e627" refkind="member"><highlight class="normal"></highlight><highlight class="keywordtype">int</highlight><highlight class="normal"><sp/><ref refid="main_8cpp_1a3c04138a5bfe5d72780bb7e82a18e627" kindref="member">main</ref>(</highlight><highlight class="keywordtype">int</highlight><highlight class="normal"><sp/>argc,<sp/></highlight><highlight class="keywordtype">char</highlight><highlight class="normal">**<sp/>argv)<sp/>{</highlight></codeline>
<codeline lineno="31"><highlight class="normal"><sp/><sp/><sp/><sp/></highlight><highlight class="comment">//Declare<sp/>structures</highlight><highlight class="normal"></highlight></codeline>
<codeline lineno="32"><highlight class="normal"><sp/><sp/><sp/><sp/></highlight><highlight class="keyword">struct<sp/></highlight><highlight class="normal"><ref refid="struct_board" kindref="compound">Board</ref><sp/>game;<sp/><sp/><sp/><sp/><sp/><sp/><sp/></highlight><highlight class="comment">//Structure<sp/>that<sp/>holds<sp/>the<sp/>board<sp/>dimensions</highlight><highlight class="normal"></highlight></codeline>
<codeline lineno="33"><highlight class="normal"><sp/><sp/><sp/><sp/></highlight><highlight class="keyword">struct<sp/></highlight><highlight class="normal"><ref refid="struct_players" kindref="compound">Players</ref><sp/>**boards;<sp/></highlight><highlight class="comment">//Structure<sp/>that<sp/>composes<sp/>the<sp/>players<sp/>boards</highlight><highlight class="normal"></highlight></codeline>
<codeline lineno="34"><highlight class="normal"><sp/><sp/><sp/><sp/></highlight></codeline>
<codeline lineno="35"><highlight class="normal"><sp/><sp/><sp/><sp/></highlight><highlight class="comment">//Call<sp/>beginning<sp/>function</highlight><highlight class="normal"></highlight></codeline>
<codeline lineno="36"><highlight class="normal"><sp/><sp/><sp/><sp/><ref refid="main_8cpp_1ab0bdf5cca484fb2ba637c39384b27fb2" kindref="member">begin</ref>();</highlight></codeline>
<codeline lineno="37"><highlight class="normal"><sp/><sp/><sp/><sp/></highlight></codeline>
<codeline lineno="38"><highlight class="normal"><sp/><sp/><sp/><sp/></highlight><highlight class="comment">//Getting<sp/>input<sp/>to<sp/>make<sp/>the<sp/>board</highlight><highlight class="normal"></highlight></codeline>
<codeline lineno="39"><highlight class="normal"><sp/><sp/><sp/><sp/>cout<sp/>&lt;&lt;<sp/>endl<sp/>&lt;&lt;<sp/></highlight><highlight class="stringliteral">&quot;Enter<sp/>the<sp/>number<sp/>of<sp/>rows<sp/>you<sp/>want<sp/>the<sp/>board<sp/>to<sp/>be:<sp/>&quot;</highlight><highlight class="normal">;</highlight></codeline>
<codeline lineno="40"><highlight class="normal"><sp/><sp/><sp/><sp/>cin<sp/>&gt;&gt;<sp/>game.<ref refid="struct_board_1ab0678710e0cb026be902dbb6a8ad8c40" kindref="member">rows</ref>;</highlight></codeline>
<codeline lineno="41"><highlight class="normal"><sp/><sp/><sp/><sp/>cout<sp/>&lt;&lt;<sp/>endl<sp/>&lt;&lt;<sp/></highlight><highlight class="stringliteral">&quot;Enter<sp/>the<sp/>number<sp/>of<sp/>columns<sp/>you<sp/>want<sp/>the<sp/>board<sp/>to<sp/>be:<sp/>&quot;</highlight><highlight class="normal">;</highlight></codeline>
<codeline lineno="42"><highlight class="normal"><sp/><sp/><sp/><sp/>cin<sp/>&gt;&gt;<sp/>game.<ref refid="struct_board_1abd6db5048c565a2236812ae739f12638" kindref="member">columns</ref>;</highlight></codeline>
<codeline lineno="43"><highlight class="normal"><sp/><sp/><sp/><sp/>cout<sp/>&lt;&lt;<sp/>endl<sp/>&lt;&lt;<sp/></highlight><highlight class="stringliteral">&quot;Enter<sp/>the<sp/>number<sp/>of<sp/>ships<sp/>you<sp/>want<sp/>to<sp/>use<sp/>in<sp/>the<sp/>game:<sp/>&quot;</highlight><highlight class="normal">;</highlight></codeline>
<codeline lineno="44"><highlight class="normal"><sp/><sp/><sp/><sp/>cin<sp/>&gt;&gt;<sp/>game.<ref refid="struct_board_1a8516818f13e7662c7cbda336307cf38e" kindref="member">ships</ref>;</highlight></codeline>
<codeline lineno="45"><highlight class="normal"><sp/><sp/><sp/><sp/></highlight></codeline>
<codeline lineno="46"><highlight class="normal"><sp/><sp/><sp/><sp/></highlight><highlight class="comment">//Calls<sp/>the<sp/>function<sp/>that<sp/>prints<sp/>the<sp/>board</highlight><highlight class="normal"></highlight></codeline>
<codeline lineno="47"><highlight class="normal"><sp/><sp/><sp/><sp/><ref refid="main_8cpp_1acb722b7038e1a09a439b65544ce4550b" kindref="member">prntBrd</ref>(game);</highlight></codeline>
<codeline lineno="48"><highlight class="normal"><sp/><sp/><sp/><sp/></highlight></codeline>
<codeline lineno="49"><highlight class="normal"><sp/><sp/><sp/><sp/></highlight><highlight class="comment">//Resizing<sp/>array</highlight><highlight class="normal"></highlight></codeline>
<codeline lineno="50"><highlight class="normal"><sp/><sp/><sp/><sp/>boards<sp/>=<sp/></highlight><highlight class="keyword">new</highlight><highlight class="normal"><sp/><ref refid="struct_players" kindref="compound">Players</ref>*[game.<ref refid="struct_board_1ab0678710e0cb026be902dbb6a8ad8c40" kindref="member">rows</ref>];</highlight></codeline>
<codeline lineno="51"><highlight class="normal"><sp/><sp/><sp/><sp/></highlight><highlight class="keywordflow">for</highlight><highlight class="normal">(</highlight><highlight class="keywordtype">int</highlight><highlight class="normal"><sp/>i<sp/>=<sp/>0;<sp/>i<sp/>&lt;<sp/>game.<ref refid="struct_board_1ab0678710e0cb026be902dbb6a8ad8c40" kindref="member">rows</ref>;<sp/>++i)</highlight></codeline>
<codeline lineno="52"><highlight class="normal"><sp/><sp/><sp/><sp/><sp/><sp/><sp/><sp/>boards[i]<sp/>=<sp/></highlight><highlight class="keyword">new</highlight><highlight class="normal"><sp/><ref refid="struct_players" kindref="compound">Players</ref>[game.<ref refid="struct_board_1abd6db5048c565a2236812ae739f12638" kindref="member">columns</ref>];</highlight></codeline>
<codeline lineno="53"><highlight class="normal"><sp/><sp/><sp/><sp/></highlight></codeline>
<codeline lineno="54"><highlight class="normal"><sp/><sp/><sp/><sp/></highlight><highlight class="comment">//Retrieve<sp/>the<sp/>user&apos;s<sp/>input</highlight><highlight class="normal"></highlight></codeline>
<codeline lineno="55"><highlight class="normal"><sp/><sp/><sp/><sp/>boards<sp/>=<sp/><ref refid="main_8cpp_1a83c98021351a69d6a8f98a228870cd53" kindref="member">usrInp</ref>(game);</highlight></codeline>
<codeline lineno="56"><highlight class="normal"><sp/><sp/><sp/><sp/></highlight></codeline>
<codeline lineno="57"><highlight class="normal"><sp/><sp/><sp/><sp/></highlight><highlight class="comment">//Calling<sp/>the<sp/>war<sp/>function</highlight><highlight class="normal"></highlight></codeline>
<codeline lineno="58"><highlight class="normal"><sp/><sp/><sp/><sp/><ref refid="main_8cpp_1a0a8867b1e11289d970883db934999bd5" kindref="member">war</ref>(game,<sp/>boards);</highlight></codeline>
<codeline lineno="59"><highlight class="normal"><sp/><sp/><sp/><sp/></highlight></codeline>
<codeline lineno="60"><highlight class="normal"><sp/><sp/><sp/><sp/></highlight><highlight class="keywordflow">return</highlight><highlight class="normal"><sp/>0;</highlight></codeline>
<codeline lineno="61"><highlight class="normal">}</highlight></codeline>
<codeline lineno="62"><highlight class="normal"></highlight></codeline>
<codeline lineno="63" refid="main_8cpp_1ab0bdf5cca484fb2ba637c39384b27fb2" refkind="member"><highlight class="normal"></highlight><highlight class="keywordtype">void</highlight><highlight class="normal"><sp/><ref refid="main_8cpp_1ab0bdf5cca484fb2ba637c39384b27fb2" kindref="member">begin</ref>()</highlight></codeline>
<codeline lineno="64"><highlight class="normal">{</highlight></codeline>
<codeline lineno="65"><highlight class="normal"><sp/><sp/><sp/><sp/></highlight><highlight class="comment">//Output<sp/>the<sp/>introduction</highlight><highlight class="normal"></highlight></codeline>
<codeline lineno="66"><highlight class="normal"><sp/><sp/><sp/><sp/>cout<sp/>&lt;&lt;<sp/>endl<sp/>&lt;&lt;<sp/>endl;</highlight></codeline>
<codeline lineno="67"><highlight class="normal"><sp/><sp/><sp/><sp/>cout<sp/>&lt;&lt;<sp/>right<sp/>&lt;&lt;<sp/>setw(50)<sp/>&lt;&lt;<sp/></highlight><highlight class="stringliteral">&quot;Welcome<sp/>to<sp/>War<sp/>of<sp/>Ships!&quot;</highlight><highlight class="normal"><sp/>&lt;&lt;<sp/>endl<sp/>;</highlight></codeline>
<codeline lineno="68"><highlight class="normal"><sp/><sp/><sp/><sp/>cout<sp/>&lt;&lt;<sp/>endl<sp/>&lt;&lt;<sp/></highlight><highlight class="stringliteral">&quot;This<sp/>is<sp/>a<sp/>2<sp/>player<sp/>ship<sp/>war<sp/>game.\n&quot;</highlight><highlight class="normal">;</highlight></codeline>
<codeline lineno="69"><highlight class="normal"><sp/><sp/><sp/><sp/>cout<sp/>&lt;&lt;<sp/></highlight><highlight class="stringliteral">&quot;Guess<sp/>where<sp/>your<sp/>opponent&apos;s<sp/>vessels<sp/>are<sp/>and<sp/>sink<sp/>them<sp/>before<sp/>your<sp/>opponent<sp/>sinks<sp/>yours!\n&quot;</highlight><highlight class="normal">;<sp/></highlight></codeline>
<codeline lineno="70"><highlight class="normal"><sp/><sp/><sp/><sp/>cout<sp/>&lt;&lt;<sp/>endl;</highlight></codeline>
<codeline lineno="71"><highlight class="normal">}</highlight></codeline>
<codeline lineno="72"><highlight class="normal"></highlight></codeline>
<codeline lineno="73"><highlight class="normal"></highlight></codeline>
<codeline lineno="74" refid="main_8cpp_1acb722b7038e1a09a439b65544ce4550b" refkind="member"><highlight class="normal"></highlight><highlight class="keywordtype">void</highlight><highlight class="normal"><sp/><ref refid="main_8cpp_1acb722b7038e1a09a439b65544ce4550b" kindref="member">prntBrd</ref>(<ref refid="struct_board" kindref="compound">Board</ref><sp/>a)</highlight></codeline>
<codeline lineno="75"><highlight class="normal">{</highlight></codeline>
<codeline lineno="76"><highlight class="normal"><sp/><sp/><sp/><sp/></highlight><highlight class="comment">//Prints<sp/>the<sp/>empty<sp/>board</highlight><highlight class="normal"></highlight></codeline>
<codeline lineno="77"><highlight class="normal"><sp/><sp/><sp/><sp/></highlight><highlight class="comment">//Declare<sp/>variables</highlight><highlight class="normal"></highlight></codeline>
<codeline lineno="78"><highlight class="normal"><sp/><sp/><sp/><sp/></highlight><highlight class="keywordtype">char</highlight><highlight class="normal"><sp/>test<sp/>=<sp/></highlight><highlight class="charliteral">&apos;<sp/>&apos;</highlight><highlight class="normal">;</highlight></codeline>
<codeline lineno="79"><highlight class="normal"><sp/><sp/><sp/><sp/></highlight></codeline>
<codeline lineno="80"><highlight class="normal"><sp/><sp/><sp/><sp/>cout<sp/>&lt;&lt;<sp/>endl<sp/>&lt;&lt;<sp/></highlight><highlight class="stringliteral">&quot;<sp/><sp/><sp/>User&apos;s<sp/>Board&quot;</highlight><highlight class="normal"><sp/>&lt;&lt;<sp/>endl;</highlight></codeline>
<codeline lineno="81"><highlight class="normal"><sp/><sp/><sp/><sp/></highlight><highlight class="keywordflow">for</highlight><highlight class="normal">(</highlight><highlight class="keywordtype">int</highlight><highlight class="normal"><sp/>i<sp/>=<sp/>0;<sp/>i<sp/>&lt;<sp/>a.<ref refid="struct_board_1abd6db5048c565a2236812ae739f12638" kindref="member">columns</ref>;<sp/>i++)</highlight></codeline>
<codeline lineno="82"><highlight class="normal"><sp/><sp/><sp/><sp/>{</highlight></codeline>
<codeline lineno="83"><highlight class="normal"><sp/><sp/><sp/><sp/><sp/><sp/><sp/><sp/>cout<sp/>&lt;&lt;<sp/></highlight><highlight class="stringliteral">&quot;<sp/><sp/><sp/><sp/><sp/>&quot;</highlight><highlight class="normal"><sp/>&lt;&lt;<sp/>i+1;</highlight></codeline>
<codeline lineno="84"><highlight class="normal"><sp/><sp/><sp/><sp/>}</highlight></codeline>
<codeline lineno="85"><highlight class="normal"><sp/><sp/><sp/><sp/>cout<sp/>&lt;&lt;<sp/>endl;</highlight></codeline>
<codeline lineno="86"><highlight class="normal"><sp/><sp/><sp/><sp/></highlight><highlight class="keywordflow">for</highlight><highlight class="normal">(</highlight><highlight class="keywordtype">int</highlight><highlight class="normal"><sp/>i<sp/>=<sp/>0;<sp/>i<sp/>&lt;<sp/>a.<ref refid="struct_board_1ab0678710e0cb026be902dbb6a8ad8c40" kindref="member">rows</ref>;<sp/>i++)</highlight></codeline>
<codeline lineno="87"><highlight class="normal"><sp/><sp/><sp/><sp/>{</highlight></codeline>
<codeline lineno="88"><highlight class="normal"><sp/><sp/><sp/><sp/><sp/><sp/><sp/><sp/>cout<sp/>&lt;&lt;<sp/></highlight><highlight class="stringliteral">&quot;<sp/><sp/>&quot;</highlight><highlight class="normal">;</highlight></codeline>
<codeline lineno="89"><highlight class="normal"><sp/><sp/><sp/><sp/><sp/><sp/><sp/><sp/></highlight><highlight class="keywordflow">for</highlight><highlight class="normal">(</highlight><highlight class="keywordtype">int</highlight><highlight class="normal"><sp/>j<sp/>=<sp/>0;<sp/>j<sp/>&lt;<sp/>a.<ref refid="struct_board_1abd6db5048c565a2236812ae739f12638" kindref="member">columns</ref>;<sp/>j++)</highlight></codeline>
<codeline lineno="90"><highlight class="normal"><sp/><sp/><sp/><sp/><sp/><sp/><sp/><sp/>{</highlight></codeline>
<codeline lineno="91"><highlight class="normal"><sp/><sp/><sp/><sp/><sp/><sp/><sp/><sp/><sp/><sp/><sp/><sp/>cout<sp/>&lt;&lt;<sp/></highlight><highlight class="stringliteral">&quot;|-----&quot;</highlight><highlight class="normal">;</highlight></codeline>
<codeline lineno="92"><highlight class="normal"><sp/><sp/><sp/><sp/><sp/><sp/><sp/><sp/>}</highlight></codeline>
<codeline lineno="93"><highlight class="normal"><sp/><sp/><sp/><sp/><sp/><sp/><sp/><sp/>cout<sp/>&lt;&lt;<sp/></highlight><highlight class="stringliteral">&quot;|&quot;</highlight><highlight class="normal"><sp/>&lt;&lt;<sp/>endl;</highlight></codeline>
<codeline lineno="94"><highlight class="normal"><sp/><sp/><sp/><sp/><sp/><sp/><sp/><sp/>cout<sp/>&lt;&lt;<sp/>i+1<sp/>&lt;&lt;<sp/></highlight><highlight class="stringliteral">&quot;<sp/>&quot;</highlight><highlight class="normal">;</highlight></codeline>
<codeline lineno="95"><highlight class="normal"><sp/><sp/><sp/><sp/><sp/><sp/><sp/><sp/></highlight><highlight class="keywordflow">for</highlight><highlight class="normal">(</highlight><highlight class="keywordtype">int</highlight><highlight class="normal"><sp/>j<sp/>=<sp/>0;<sp/>j<sp/>&lt;<sp/>a.<ref refid="struct_board_1abd6db5048c565a2236812ae739f12638" kindref="member">columns</ref>;<sp/>j++)</highlight></codeline>
<codeline lineno="96"><highlight class="normal"><sp/><sp/><sp/><sp/><sp/><sp/><sp/><sp/>{</highlight></codeline>
<codeline lineno="97"><highlight class="normal"><sp/><sp/><sp/><sp/><sp/><sp/><sp/><sp/><sp/><sp/><sp/><sp/>cout<sp/>&lt;&lt;<sp/></highlight><highlight class="stringliteral">&quot;|<sp/><sp/>&quot;</highlight><highlight class="normal"><sp/>&lt;&lt;<sp/>test<sp/>&lt;&lt;<sp/></highlight><highlight class="stringliteral">&quot;<sp/><sp/>&quot;</highlight><highlight class="normal">;</highlight></codeline>
<codeline lineno="98"><highlight class="normal"><sp/><sp/><sp/><sp/><sp/><sp/><sp/><sp/>}</highlight></codeline>
<codeline lineno="99"><highlight class="normal"><sp/><sp/><sp/><sp/><sp/><sp/><sp/><sp/>cout<sp/>&lt;&lt;<sp/></highlight><highlight class="stringliteral">&quot;|&quot;</highlight><highlight class="normal"><sp/>&lt;&lt;<sp/>endl;</highlight></codeline>
<codeline lineno="100"><highlight class="normal"><sp/><sp/><sp/><sp/>}</highlight></codeline>
<codeline lineno="101"><highlight class="normal"><sp/><sp/><sp/><sp/>cout<sp/>&lt;&lt;<sp/></highlight><highlight class="stringliteral">&quot;<sp/><sp/>&quot;</highlight><highlight class="normal">;</highlight></codeline>
<codeline lineno="102"><highlight class="normal"><sp/><sp/><sp/><sp/></highlight><highlight class="keywordflow">for</highlight><highlight class="normal">(</highlight><highlight class="keywordtype">int</highlight><highlight class="normal"><sp/>j<sp/>=<sp/>0;<sp/>j<sp/>&lt;<sp/>a.<ref refid="struct_board_1abd6db5048c565a2236812ae739f12638" kindref="member">columns</ref>;<sp/>j++)</highlight></codeline>
<codeline lineno="103"><highlight class="normal"><sp/><sp/><sp/><sp/>{</highlight></codeline>
<codeline lineno="104"><highlight class="normal"><sp/><sp/><sp/><sp/><sp/><sp/><sp/><sp/>cout<sp/>&lt;&lt;<sp/></highlight><highlight class="stringliteral">&quot;|-----&quot;</highlight><highlight class="normal">;</highlight></codeline>
<codeline lineno="105"><highlight class="normal"><sp/><sp/><sp/><sp/>}</highlight></codeline>
<codeline lineno="106"><highlight class="normal"><sp/><sp/><sp/><sp/>cout<sp/>&lt;&lt;<sp/></highlight><highlight class="stringliteral">&quot;|&quot;</highlight><highlight class="normal"><sp/>&lt;&lt;<sp/>endl;</highlight></codeline>
<codeline lineno="107"><highlight class="normal"><sp/><sp/><sp/><sp/></highlight></codeline>
<codeline lineno="108"><highlight class="normal">}</highlight></codeline>
<codeline lineno="109"><highlight class="normal"></highlight></codeline>
<codeline lineno="110" refid="main_8cpp_1a83c98021351a69d6a8f98a228870cd53" refkind="member"><highlight class="normal"><ref refid="struct_players" kindref="compound">Players</ref><sp/>**<ref refid="main_8cpp_1a83c98021351a69d6a8f98a228870cd53" kindref="member">usrInp</ref>(<ref refid="struct_board" kindref="compound">Board</ref><sp/>b)</highlight></codeline>
<codeline lineno="111"><highlight class="normal">{</highlight></codeline>
<codeline lineno="112"><highlight class="normal"><sp/><sp/><sp/><sp/></highlight><highlight class="comment">//Declaring<sp/>dynamic<sp/>array</highlight><highlight class="normal"></highlight></codeline>
<codeline lineno="113"><highlight class="normal"><sp/><sp/><sp/><sp/><ref refid="struct_players" kindref="compound">Players</ref><sp/>**arr;<sp/><sp/><sp/><sp/><sp/></highlight></codeline>
<codeline lineno="114"><highlight class="normal"><sp/><sp/><sp/><sp/></highlight></codeline>
<codeline lineno="115"><highlight class="normal"><sp/><sp/><sp/><sp/>arr<sp/>=<sp/></highlight><highlight class="keyword">new</highlight><highlight class="normal"><sp/><ref refid="struct_players" kindref="compound">Players</ref>*[b.<ref refid="struct_board_1ab0678710e0cb026be902dbb6a8ad8c40" kindref="member">rows</ref>];</highlight></codeline>
<codeline lineno="116"><highlight class="normal"><sp/><sp/><sp/><sp/></highlight><highlight class="keywordflow">for</highlight><highlight class="normal">(</highlight><highlight class="keywordtype">int</highlight><highlight class="normal"><sp/>i<sp/>=<sp/>0;<sp/>i<sp/>&lt;<sp/>b.<ref refid="struct_board_1ab0678710e0cb026be902dbb6a8ad8c40" kindref="member">rows</ref>;<sp/>++i)</highlight></codeline>
<codeline lineno="117"><highlight class="normal"><sp/><sp/><sp/><sp/><sp/><sp/><sp/><sp/>arr[i]<sp/>=<sp/></highlight><highlight class="keyword">new</highlight><highlight class="normal"><sp/><ref refid="struct_players" kindref="compound">Players</ref>[b.<ref refid="struct_board_1abd6db5048c565a2236812ae739f12638" kindref="member">columns</ref>];</highlight></codeline>
<codeline lineno="118"><highlight class="normal"><sp/><sp/><sp/><sp/></highlight></codeline>
<codeline lineno="119"><highlight class="normal"><sp/><sp/><sp/><sp/></highlight><highlight class="keywordtype">int</highlight><highlight class="normal"><sp/>tRow<sp/>=<sp/>0;<sp/><sp/><sp/><sp/><sp/><sp/></highlight><highlight class="comment">//temporary<sp/>value<sp/>for<sp/>the<sp/>row</highlight><highlight class="normal"></highlight></codeline>
<codeline lineno="120"><highlight class="normal"><sp/><sp/><sp/><sp/></highlight><highlight class="keywordtype">int</highlight><highlight class="normal"><sp/>tCol<sp/>=<sp/>0;<sp/><sp/><sp/><sp/><sp/><sp/></highlight><highlight class="comment">//temporary<sp/>value<sp/>for<sp/>the<sp/>column</highlight><highlight class="normal"></highlight></codeline>
<codeline lineno="121"><highlight class="normal"><sp/><sp/><sp/><sp/></highlight><highlight class="keywordtype">bool</highlight><highlight class="normal"><sp/>valLoc<sp/>=<sp/></highlight><highlight class="keyword">true</highlight><highlight class="normal">;</highlight><highlight class="comment">//check<sp/>for<sp/>valid<sp/>input</highlight><highlight class="normal"></highlight></codeline>
<codeline lineno="122"><highlight class="normal"><sp/><sp/><sp/><sp/></highlight></codeline>
<codeline lineno="123"><highlight class="normal"><sp/><sp/><sp/><sp/>srand(time(0));</highlight></codeline>
<codeline lineno="124"><highlight class="normal"><sp/><sp/><sp/><sp/></highlight></codeline>
<codeline lineno="125"><highlight class="normal"><sp/><sp/><sp/><sp/></highlight><highlight class="comment">//Set<sp/>array<sp/>spaces<sp/>to<sp/>blank<sp/>spaces</highlight><highlight class="normal"></highlight></codeline>
<codeline lineno="126"><highlight class="normal"><sp/><sp/><sp/><sp/></highlight><highlight class="keywordflow">for</highlight><highlight class="normal">(</highlight><highlight class="keywordtype">int</highlight><highlight class="normal"><sp/>i<sp/>=<sp/>0;<sp/>i<sp/>&lt;<sp/>b.<ref refid="struct_board_1ab0678710e0cb026be902dbb6a8ad8c40" kindref="member">rows</ref>;<sp/>i++)</highlight></codeline>
<codeline lineno="127"><highlight class="normal"><sp/><sp/><sp/><sp/>{</highlight></codeline>
<codeline lineno="128"><highlight class="normal"><sp/><sp/><sp/><sp/><sp/><sp/><sp/><sp/></highlight><highlight class="keywordflow">for</highlight><highlight class="normal">(</highlight><highlight class="keywordtype">int</highlight><highlight class="normal"><sp/>j<sp/>=<sp/>0;<sp/>j<sp/>&lt;<sp/>b.<ref refid="struct_board_1abd6db5048c565a2236812ae739f12638" kindref="member">columns</ref>;<sp/>j++)</highlight></codeline>
<codeline lineno="129"><highlight class="normal"><sp/><sp/><sp/><sp/><sp/><sp/><sp/><sp/>{</highlight></codeline>
<codeline lineno="130"><highlight class="normal"><sp/><sp/><sp/><sp/><sp/><sp/><sp/><sp/><sp/><sp/><sp/><sp/>arr[i][j].<ref refid="struct_players_1abb5b042a3f596d8dcc59ee789e39ab5e" kindref="member">playrBd</ref><sp/>=<sp/></highlight><highlight class="charliteral">&apos;<sp/>&apos;</highlight><highlight class="normal">;</highlight></codeline>
<codeline lineno="131"><highlight class="normal"><sp/><sp/><sp/><sp/><sp/><sp/><sp/><sp/><sp/><sp/><sp/><sp/>arr[i][j].<ref refid="struct_players_1a6121609150ccdce226350cc99ae2f5e6" kindref="member">enemyBd</ref><sp/>=<sp/></highlight><highlight class="charliteral">&apos;<sp/>&apos;</highlight><highlight class="normal">;</highlight></codeline>
<codeline lineno="132"><highlight class="normal"><sp/><sp/><sp/><sp/><sp/><sp/><sp/><sp/>}</highlight></codeline>
<codeline lineno="133"><highlight class="normal"><sp/><sp/><sp/><sp/>}</highlight></codeline>
<codeline lineno="134"><highlight class="normal"><sp/><sp/><sp/><sp/></highlight></codeline>
<codeline lineno="135"><highlight class="normal"><sp/><sp/><sp/><sp/></highlight><highlight class="comment">//Get<sp/>locations<sp/>for<sp/>user&apos;s<sp/>ships</highlight><highlight class="normal"></highlight></codeline>
<codeline lineno="136"><highlight class="normal"><sp/><sp/><sp/><sp/>cout<sp/>&lt;&lt;<sp/></highlight><highlight class="stringliteral">&quot;Put<sp/>your<sp/>&quot;</highlight><highlight class="normal">&lt;&lt;<sp/>b.<ref refid="struct_board_1a8516818f13e7662c7cbda336307cf38e" kindref="member">ships</ref><sp/>&lt;&lt;<sp/></highlight><highlight class="stringliteral">&quot;<sp/>ships<sp/>in<sp/>the<sp/>board&quot;</highlight><highlight class="normal"><sp/>&lt;&lt;<sp/>endl;</highlight></codeline>
<codeline lineno="137"><highlight class="normal"><sp/><sp/><sp/><sp/></highlight></codeline>
<codeline lineno="138"><highlight class="normal"><sp/><sp/><sp/><sp/></highlight><highlight class="keywordflow">for</highlight><highlight class="normal">(</highlight><highlight class="keywordtype">int</highlight><highlight class="normal"><sp/>i<sp/>=<sp/>0;<sp/>i<sp/>&lt;<sp/>b.<ref refid="struct_board_1a8516818f13e7662c7cbda336307cf38e" kindref="member">ships</ref>;<sp/>i++)</highlight></codeline>
<codeline lineno="139"><highlight class="normal"><sp/><sp/><sp/><sp/>{</highlight></codeline>
<codeline lineno="140"><highlight class="normal"><sp/><sp/><sp/><sp/><sp/><sp/><sp/><sp/></highlight><highlight class="keywordflow">do</highlight><highlight class="normal"></highlight></codeline>
<codeline lineno="141"><highlight class="normal"><sp/><sp/><sp/><sp/><sp/><sp/><sp/><sp/>{</highlight></codeline>
<codeline lineno="142"><highlight class="normal"><sp/><sp/><sp/><sp/><sp/><sp/><sp/><sp/><sp/><sp/><sp/><sp/>cout<sp/>&lt;&lt;<sp/>endl<sp/>&lt;&lt;<sp/></highlight><highlight class="stringliteral">&quot;Ship<sp/>&quot;</highlight><highlight class="normal"><sp/>&lt;&lt;<sp/>i+1<sp/>&lt;&lt;<sp/>endl;</highlight></codeline>
<codeline lineno="143"><highlight class="normal"><sp/><sp/><sp/><sp/><sp/><sp/><sp/><sp/><sp/><sp/><sp/><sp/>cout<sp/>&lt;&lt;<sp/></highlight><highlight class="stringliteral">&quot;Row:<sp/>&quot;</highlight><highlight class="normal">;</highlight></codeline>
<codeline lineno="144"><highlight class="normal"><sp/><sp/><sp/><sp/><sp/><sp/><sp/><sp/><sp/><sp/><sp/><sp/>cin<sp/>&gt;&gt;<sp/>tRow;</highlight></codeline>
<codeline lineno="145"><highlight class="normal"><sp/><sp/><sp/><sp/><sp/><sp/><sp/><sp/><sp/><sp/><sp/><sp/></highlight><highlight class="keywordflow">while</highlight><highlight class="normal">(tRow<sp/>&lt;=<sp/>0<sp/>||tRow<sp/>&gt;<sp/>b.<ref refid="struct_board_1ab0678710e0cb026be902dbb6a8ad8c40" kindref="member">rows</ref>)</highlight></codeline>
<codeline lineno="146"><highlight class="normal"><sp/><sp/><sp/><sp/><sp/><sp/><sp/><sp/><sp/><sp/><sp/><sp/>{</highlight></codeline>
<codeline lineno="147"><highlight class="normal"><sp/><sp/><sp/><sp/><sp/><sp/><sp/><sp/><sp/><sp/><sp/><sp/><sp/><sp/><sp/><sp/>cout<sp/>&lt;&lt;<sp/>endl<sp/>&lt;&lt;<sp/></highlight><highlight class="stringliteral">&quot;Invalid<sp/>input!&quot;</highlight><highlight class="normal"><sp/>&lt;&lt;<sp/>endl;</highlight></codeline>
<codeline lineno="148"><highlight class="normal"><sp/><sp/><sp/><sp/><sp/><sp/><sp/><sp/><sp/><sp/><sp/><sp/><sp/><sp/><sp/><sp/>cout<sp/>&lt;&lt;<sp/></highlight><highlight class="stringliteral">&quot;Row:<sp/>&quot;</highlight><highlight class="normal">;</highlight></codeline>
<codeline lineno="149"><highlight class="normal"><sp/><sp/><sp/><sp/><sp/><sp/><sp/><sp/><sp/><sp/><sp/><sp/><sp/><sp/><sp/><sp/>cin<sp/>&gt;&gt;<sp/>tRow;</highlight></codeline>
<codeline lineno="150"><highlight class="normal"><sp/><sp/><sp/><sp/><sp/><sp/><sp/><sp/><sp/><sp/><sp/><sp/>}</highlight></codeline>
<codeline lineno="151"><highlight class="normal"><sp/><sp/><sp/><sp/><sp/><sp/><sp/><sp/><sp/><sp/><sp/><sp/>cout<sp/>&lt;&lt;<sp/></highlight><highlight class="stringliteral">&quot;Column:<sp/>&quot;</highlight><highlight class="normal">;</highlight></codeline>
<codeline lineno="152"><highlight class="normal"><sp/><sp/><sp/><sp/><sp/><sp/><sp/><sp/><sp/><sp/><sp/><sp/>cin<sp/>&gt;&gt;<sp/>tCol;</highlight></codeline>
<codeline lineno="153"><highlight class="normal"><sp/><sp/><sp/><sp/><sp/><sp/><sp/><sp/><sp/><sp/><sp/><sp/></highlight><highlight class="keywordflow">while</highlight><highlight class="normal">(tCol<sp/>&lt;=<sp/>0<sp/>||tCol<sp/>&gt;<sp/>b.<ref refid="struct_board_1abd6db5048c565a2236812ae739f12638" kindref="member">columns</ref>)</highlight></codeline>
<codeline lineno="154"><highlight class="normal"><sp/><sp/><sp/><sp/><sp/><sp/><sp/><sp/><sp/><sp/><sp/><sp/>{</highlight></codeline>
<codeline lineno="155"><highlight class="normal"><sp/><sp/><sp/><sp/><sp/><sp/><sp/><sp/><sp/><sp/><sp/><sp/><sp/><sp/><sp/><sp/>cout<sp/>&lt;&lt;<sp/>endl<sp/>&lt;&lt;<sp/></highlight><highlight class="stringliteral">&quot;Invalid<sp/>input!&quot;</highlight><highlight class="normal"><sp/>&lt;&lt;<sp/>endl;</highlight></codeline>
<codeline lineno="156"><highlight class="normal"><sp/><sp/><sp/><sp/><sp/><sp/><sp/><sp/><sp/><sp/><sp/><sp/><sp/><sp/><sp/><sp/>cout<sp/>&lt;&lt;<sp/></highlight><highlight class="stringliteral">&quot;Row:<sp/>&quot;</highlight><highlight class="normal">;</highlight></codeline>
<codeline lineno="157"><highlight class="normal"><sp/><sp/><sp/><sp/><sp/><sp/><sp/><sp/><sp/><sp/><sp/><sp/><sp/><sp/><sp/><sp/>cin<sp/>&gt;&gt;<sp/>tCol;</highlight></codeline>
<codeline lineno="158"><highlight class="normal"><sp/><sp/><sp/><sp/><sp/><sp/><sp/><sp/><sp/><sp/><sp/><sp/>}</highlight></codeline>
<codeline lineno="159"><highlight class="normal"><sp/><sp/><sp/><sp/></highlight></codeline>
<codeline lineno="160"><highlight class="normal"><sp/><sp/><sp/><sp/><sp/><sp/><sp/><sp/><sp/><sp/><sp/><sp/></highlight><highlight class="comment">//Check<sp/>if<sp/>position<sp/>is<sp/>valid</highlight><highlight class="normal"></highlight></codeline>
<codeline lineno="161"><highlight class="normal"><sp/><sp/><sp/><sp/><sp/><sp/><sp/><sp/><sp/><sp/><sp/><sp/></highlight><highlight class="keywordflow">if</highlight><highlight class="normal">(arr[tRow-1][tCol-1].<ref refid="struct_players_1abb5b042a3f596d8dcc59ee789e39ab5e" kindref="member">playrBd</ref><sp/>==<sp/></highlight><highlight class="charliteral">&apos;O&apos;</highlight><highlight class="normal">)</highlight></codeline>
<codeline lineno="162"><highlight class="normal"><sp/><sp/><sp/><sp/><sp/><sp/><sp/><sp/><sp/><sp/><sp/><sp/>{</highlight></codeline>
<codeline lineno="163"><highlight class="normal"><sp/><sp/><sp/><sp/><sp/><sp/><sp/><sp/><sp/><sp/><sp/><sp/><sp/><sp/><sp/><sp/>valLoc<sp/>=<sp/></highlight><highlight class="keyword">false</highlight><highlight class="normal">;</highlight></codeline>
<codeline lineno="164"><highlight class="normal"><sp/><sp/><sp/><sp/><sp/><sp/><sp/><sp/><sp/><sp/><sp/><sp/><sp/><sp/><sp/><sp/>cout<sp/>&lt;&lt;<sp/>endl<sp/>&lt;&lt;<sp/></highlight><highlight class="stringliteral">&quot;You<sp/>already<sp/>have<sp/>a<sp/>ship<sp/>there&quot;</highlight><highlight class="normal"><sp/>&lt;&lt;<sp/>endl;</highlight></codeline>
<codeline lineno="165"><highlight class="normal"><sp/><sp/><sp/><sp/><sp/><sp/><sp/><sp/><sp/><sp/><sp/><sp/>}</highlight></codeline>
<codeline lineno="166"><highlight class="normal"><sp/><sp/><sp/><sp/><sp/><sp/><sp/><sp/><sp/><sp/><sp/><sp/></highlight><highlight class="keywordflow">else</highlight><highlight class="normal"></highlight></codeline>
<codeline lineno="167"><highlight class="normal"><sp/><sp/><sp/><sp/><sp/><sp/><sp/><sp/><sp/><sp/><sp/><sp/>{</highlight></codeline>
<codeline lineno="168"><highlight class="normal"><sp/><sp/><sp/><sp/><sp/><sp/><sp/><sp/><sp/><sp/><sp/><sp/><sp/><sp/><sp/><sp/>arr[tRow-1][tCol-1].<ref refid="struct_players_1abb5b042a3f596d8dcc59ee789e39ab5e" kindref="member">playrBd</ref><sp/>=<sp/></highlight><highlight class="charliteral">&apos;O&apos;</highlight><highlight class="normal">;</highlight></codeline>
<codeline lineno="169"><highlight class="normal"><sp/><sp/><sp/><sp/><sp/><sp/><sp/><sp/><sp/><sp/><sp/><sp/>}</highlight></codeline>
<codeline lineno="170"><highlight class="normal"><sp/><sp/><sp/><sp/><sp/><sp/><sp/><sp/>}</highlight><highlight class="keywordflow">while</highlight><highlight class="normal">(valLoc<sp/>==<sp/></highlight><highlight class="keyword">false</highlight><highlight class="normal">);</highlight></codeline>
<codeline lineno="171"><highlight class="normal"><sp/><sp/><sp/><sp/>}</highlight></codeline>
<codeline lineno="172"><highlight class="normal"><sp/><sp/><sp/><sp/></highlight></codeline>
<codeline lineno="173"><highlight class="normal"><sp/><sp/><sp/><sp/></highlight><highlight class="comment">//Enemy<sp/>randomly<sp/>selects<sp/>ship<sp/>position</highlight><highlight class="normal"></highlight></codeline>
<codeline lineno="174"><highlight class="normal"><sp/><sp/><sp/><sp/></highlight><highlight class="keywordflow">for</highlight><highlight class="normal">(</highlight><highlight class="keywordtype">int</highlight><highlight class="normal"><sp/>i<sp/>=<sp/>0;<sp/>i<sp/>&lt;<sp/>b.<ref refid="struct_board_1a8516818f13e7662c7cbda336307cf38e" kindref="member">ships</ref>;<sp/>i++)</highlight></codeline>
<codeline lineno="175"><highlight class="normal"><sp/><sp/><sp/><sp/>{</highlight></codeline>
<codeline lineno="176"><highlight class="normal"><sp/><sp/><sp/><sp/><sp/><sp/><sp/><sp/></highlight><highlight class="keywordflow">do</highlight><highlight class="normal"></highlight></codeline>
<codeline lineno="177"><highlight class="normal"><sp/><sp/><sp/><sp/><sp/><sp/><sp/><sp/>{</highlight></codeline>
<codeline lineno="178"><highlight class="normal"><sp/><sp/><sp/><sp/><sp/><sp/><sp/><sp/><sp/><sp/><sp/><sp/>tRow<sp/>=<sp/>(rand()<sp/>%<sp/>b.<ref refid="struct_board_1ab0678710e0cb026be902dbb6a8ad8c40" kindref="member">rows</ref>);</highlight></codeline>
<codeline lineno="179"><highlight class="normal"><sp/><sp/><sp/><sp/><sp/><sp/><sp/><sp/><sp/><sp/><sp/><sp/>tCol<sp/>=<sp/>(rand()<sp/>%<sp/>b.<ref refid="struct_board_1abd6db5048c565a2236812ae739f12638" kindref="member">columns</ref>);</highlight></codeline>
<codeline lineno="180"><highlight class="normal"><sp/><sp/><sp/><sp/><sp/><sp/><sp/><sp/><sp/><sp/><sp/><sp/></highlight></codeline>
<codeline lineno="181"><highlight class="normal"><sp/><sp/><sp/><sp/><sp/><sp/><sp/><sp/><sp/><sp/><sp/><sp/></highlight><highlight class="keywordflow">if</highlight><highlight class="normal">(arr[tRow][tCol].<ref refid="struct_players_1a6121609150ccdce226350cc99ae2f5e6" kindref="member">enemyBd</ref><sp/>==<sp/></highlight><highlight class="charliteral">&apos;O&apos;</highlight><highlight class="normal">)</highlight></codeline>
<codeline lineno="182"><highlight class="normal"><sp/><sp/><sp/><sp/><sp/><sp/><sp/><sp/><sp/><sp/><sp/><sp/>{</highlight></codeline>
<codeline lineno="183"><highlight class="normal"><sp/><sp/><sp/><sp/><sp/><sp/><sp/><sp/><sp/><sp/><sp/><sp/><sp/><sp/><sp/><sp/>valLoc<sp/>=<sp/></highlight><highlight class="keyword">false</highlight><highlight class="normal">;</highlight></codeline>
<codeline lineno="184"><highlight class="normal"><sp/><sp/><sp/><sp/><sp/><sp/><sp/><sp/><sp/><sp/><sp/><sp/>}</highlight></codeline>
<codeline lineno="185"><highlight class="normal"><sp/><sp/><sp/><sp/><sp/><sp/><sp/><sp/><sp/><sp/><sp/><sp/></highlight><highlight class="keywordflow">else</highlight><highlight class="normal"></highlight></codeline>
<codeline lineno="186"><highlight class="normal"><sp/><sp/><sp/><sp/><sp/><sp/><sp/><sp/><sp/><sp/><sp/><sp/>{</highlight></codeline>
<codeline lineno="187"><highlight class="normal"><sp/><sp/><sp/><sp/><sp/><sp/><sp/><sp/><sp/><sp/><sp/><sp/><sp/><sp/><sp/><sp/>arr[tRow][tCol].<ref refid="struct_players_1a6121609150ccdce226350cc99ae2f5e6" kindref="member">enemyBd</ref><sp/>=<sp/></highlight><highlight class="charliteral">&apos;O&apos;</highlight><highlight class="normal">;</highlight></codeline>
<codeline lineno="188"><highlight class="normal"><sp/><sp/><sp/><sp/><sp/><sp/><sp/><sp/><sp/><sp/><sp/><sp/>}</highlight></codeline>
<codeline lineno="189"><highlight class="normal"><sp/><sp/><sp/><sp/><sp/><sp/><sp/><sp/>}</highlight><highlight class="keywordflow">while</highlight><highlight class="normal">(valLoc<sp/>==<sp/></highlight><highlight class="keyword">false</highlight><highlight class="normal">);</highlight></codeline>
<codeline lineno="190"><highlight class="normal"><sp/><sp/><sp/><sp/>}</highlight></codeline>
<codeline lineno="191"><highlight class="normal"><sp/><sp/><sp/><sp/></highlight></codeline>
<codeline lineno="192"><highlight class="normal"><sp/><sp/><sp/><sp/></highlight></codeline>
<codeline lineno="193"><highlight class="normal"><sp/><sp/><sp/><sp/></highlight><highlight class="keywordflow">return</highlight><highlight class="normal"><sp/>arr;</highlight><highlight class="comment">//Return<sp/>array<sp/>with<sp/>position<sp/>of<sp/>ship</highlight><highlight class="normal"></highlight></codeline>
<codeline lineno="194"><highlight class="normal">}</highlight></codeline>
<codeline lineno="195"><highlight class="normal"></highlight></codeline>
<codeline lineno="196"><highlight class="normal"></highlight><highlight class="comment">//Function<sp/>where<sp/>all<sp/>moves<sp/>and<sp/>calculations<sp/>take<sp/>place</highlight><highlight class="normal"></highlight></codeline>
<codeline lineno="197" refid="main_8cpp_1a0a8867b1e11289d970883db934999bd5" refkind="member"><highlight class="normal"></highlight><highlight class="keywordtype">void</highlight><highlight class="normal"><sp/><ref refid="main_8cpp_1a0a8867b1e11289d970883db934999bd5" kindref="member">war</ref>(<ref refid="struct_board" kindref="compound">Board</ref><sp/>g,<sp/><ref refid="struct_players" kindref="compound">Players</ref><sp/>**b)</highlight></codeline>
<codeline lineno="198"><highlight class="normal">{</highlight></codeline>
<codeline lineno="199"><highlight class="normal"><sp/><sp/><sp/><sp/></highlight><highlight class="keywordtype">int</highlight><highlight class="normal"><sp/>row<sp/>=<sp/>0;<sp/><sp/><sp/><sp/><sp/></highlight><highlight class="comment">//Player<sp/>rows</highlight><highlight class="normal"></highlight></codeline>
<codeline lineno="200"><highlight class="normal"><sp/><sp/><sp/><sp/></highlight><highlight class="keywordtype">int</highlight><highlight class="normal"><sp/>column<sp/>=<sp/>0;<sp/><sp/></highlight><highlight class="comment">//Player<sp/>columns</highlight><highlight class="normal"></highlight></codeline>
<codeline lineno="201"><highlight class="normal"><sp/><sp/><sp/><sp/></highlight></codeline>
<codeline lineno="202"><highlight class="normal"><sp/><sp/><sp/><sp/></highlight><highlight class="keywordtype">int</highlight><highlight class="normal"><sp/>enmyRow<sp/>=<sp/>0;<sp/><sp/></highlight><highlight class="comment">//Enemy<sp/>rows</highlight><highlight class="normal"></highlight></codeline>
<codeline lineno="203"><highlight class="normal"><sp/><sp/><sp/><sp/></highlight><highlight class="keywordtype">int</highlight><highlight class="normal"><sp/>enmyCol<sp/>=<sp/>0;<sp/><sp/></highlight><highlight class="comment">//Enemy<sp/>columns</highlight><highlight class="normal"></highlight></codeline>
<codeline lineno="204"><highlight class="normal"><sp/><sp/><sp/><sp/></highlight></codeline>
<codeline lineno="205"><highlight class="normal"><sp/><sp/><sp/><sp/></highlight><highlight class="keywordtype">int</highlight><highlight class="normal"><sp/>playrPts<sp/>=<sp/>0;<sp/></highlight><highlight class="comment">//Counter<sp/>for<sp/>each<sp/>ship<sp/>destroyed<sp/>by<sp/>user</highlight><highlight class="normal"></highlight></codeline>
<codeline lineno="206"><highlight class="normal"><sp/><sp/><sp/><sp/></highlight><highlight class="keywordtype">int</highlight><highlight class="normal"><sp/>enmyPts<sp/>=<sp/>0;<sp/><sp/></highlight><highlight class="comment">//Counter<sp/>for<sp/>each<sp/>ship<sp/>destroyed<sp/>by<sp/>enemy</highlight><highlight class="normal"></highlight></codeline>
<codeline lineno="207"><highlight class="normal"><sp/><sp/><sp/><sp/></highlight><highlight class="keywordtype">char</highlight><highlight class="normal"><sp/>enmyBlk[g.<ref refid="struct_board_1ab0678710e0cb026be902dbb6a8ad8c40" kindref="member">rows</ref>][g.<ref refid="struct_board_1abd6db5048c565a2236812ae739f12638" kindref="member">columns</ref>];</highlight><highlight class="comment">//Blank<sp/>board<sp/>for<sp/>the<sp/>enemy</highlight><highlight class="normal"></highlight></codeline>
<codeline lineno="208"><highlight class="normal"><sp/><sp/><sp/><sp/></highlight></codeline>
<codeline lineno="209"><highlight class="normal"><sp/><sp/><sp/><sp/><sp/></highlight><highlight class="comment">//Setting<sp/>enmyBlk<sp/>array<sp/>with<sp/>blank<sp/>spaces</highlight><highlight class="normal"></highlight></codeline>
<codeline lineno="210"><highlight class="normal"><sp/><sp/><sp/><sp/></highlight><highlight class="keywordflow">for</highlight><highlight class="normal">(</highlight><highlight class="keywordtype">int</highlight><highlight class="normal"><sp/>i<sp/>=<sp/>0;<sp/>i<sp/>&lt;<sp/>g.<ref refid="struct_board_1ab0678710e0cb026be902dbb6a8ad8c40" kindref="member">rows</ref>;<sp/>i++)</highlight></codeline>
<codeline lineno="211"><highlight class="normal"><sp/><sp/><sp/><sp/>{</highlight></codeline>
<codeline lineno="212"><highlight class="normal"><sp/><sp/><sp/><sp/><sp/><sp/><sp/><sp/></highlight><highlight class="keywordflow">for</highlight><highlight class="normal">(</highlight><highlight class="keywordtype">int</highlight><highlight class="normal"><sp/>j<sp/>=<sp/>0;<sp/>j<sp/>&lt;<sp/>g.<ref refid="struct_board_1abd6db5048c565a2236812ae739f12638" kindref="member">columns</ref>;<sp/>j++)</highlight></codeline>
<codeline lineno="213"><highlight class="normal"><sp/><sp/><sp/><sp/><sp/><sp/><sp/><sp/>{</highlight></codeline>
<codeline lineno="214"><highlight class="normal"><sp/><sp/><sp/><sp/><sp/><sp/><sp/><sp/><sp/><sp/><sp/><sp/>enmyBlk[i][j]<sp/>=<sp/></highlight><highlight class="charliteral">&apos;<sp/>&apos;</highlight><highlight class="normal">;</highlight></codeline>
<codeline lineno="215"><highlight class="normal"><sp/><sp/><sp/><sp/><sp/><sp/><sp/><sp/>}</highlight></codeline>
<codeline lineno="216"><highlight class="normal"><sp/><sp/><sp/><sp/>}</highlight></codeline>
<codeline lineno="217"><highlight class="normal"><sp/><sp/><sp/><sp/></highlight></codeline>
<codeline lineno="218"><highlight class="normal"><sp/><sp/><sp/><sp/></highlight><highlight class="comment">//Loop<sp/>to<sp/>make<sp/>the<sp/>moves</highlight><highlight class="normal"></highlight></codeline>
<codeline lineno="219"><highlight class="normal"><sp/><sp/><sp/><sp/></highlight><highlight class="keywordflow">while</highlight><highlight class="normal">(playrPts<sp/>&lt;=<sp/>g.<ref refid="struct_board_1a8516818f13e7662c7cbda336307cf38e" kindref="member">ships</ref><sp/>||<sp/>enmyPts<sp/>&lt;=<sp/>g.<ref refid="struct_board_1a8516818f13e7662c7cbda336307cf38e" kindref="member">ships</ref>)</highlight></codeline>
<codeline lineno="220"><highlight class="normal"><sp/><sp/><sp/><sp/>{</highlight></codeline>
<codeline lineno="221"><highlight class="normal"><sp/><sp/><sp/><sp/><sp/><sp/><sp/><sp/>cout<sp/>&lt;&lt;<sp/></highlight><highlight class="stringliteral">&quot;\n<sp/><sp/><sp/>User&apos;s<sp/>Board&quot;</highlight><highlight class="normal"><sp/>&lt;&lt;<sp/>endl;</highlight></codeline>
<codeline lineno="222"><highlight class="normal"><sp/><sp/><sp/><sp/><sp/><sp/><sp/><sp/></highlight><highlight class="keywordflow">for</highlight><highlight class="normal">(</highlight><highlight class="keywordtype">int</highlight><highlight class="normal"><sp/>i<sp/>=<sp/>0;<sp/>i<sp/>&lt;<sp/>g.<ref refid="struct_board_1abd6db5048c565a2236812ae739f12638" kindref="member">columns</ref>;<sp/>i++)</highlight></codeline>
<codeline lineno="223"><highlight class="normal"><sp/><sp/><sp/><sp/><sp/><sp/><sp/><sp/>{</highlight></codeline>
<codeline lineno="224"><highlight class="normal"><sp/><sp/><sp/><sp/><sp/><sp/><sp/><sp/><sp/><sp/><sp/><sp/>cout<sp/>&lt;&lt;<sp/></highlight><highlight class="stringliteral">&quot;<sp/><sp/><sp/><sp/><sp/>&quot;</highlight><highlight class="normal"><sp/>&lt;&lt;<sp/>i+1;</highlight></codeline>
<codeline lineno="225"><highlight class="normal"><sp/><sp/><sp/><sp/><sp/><sp/><sp/><sp/>}</highlight></codeline>
<codeline lineno="226"><highlight class="normal"><sp/><sp/><sp/><sp/><sp/><sp/><sp/><sp/>cout<sp/>&lt;&lt;<sp/>endl;</highlight></codeline>
<codeline lineno="227"><highlight class="normal"><sp/><sp/><sp/><sp/><sp/><sp/><sp/><sp/></highlight><highlight class="keywordflow">for</highlight><highlight class="normal">(</highlight><highlight class="keywordtype">int</highlight><highlight class="normal"><sp/>i<sp/>=<sp/>0;<sp/>i<sp/>&lt;<sp/>g.<ref refid="struct_board_1ab0678710e0cb026be902dbb6a8ad8c40" kindref="member">rows</ref>;<sp/>i++)</highlight></codeline>
<codeline lineno="228"><highlight class="normal"><sp/><sp/><sp/><sp/><sp/><sp/><sp/><sp/>{</highlight></codeline>
<codeline lineno="229"><highlight class="normal"><sp/><sp/><sp/><sp/><sp/><sp/><sp/><sp/><sp/><sp/><sp/><sp/>cout<sp/>&lt;&lt;<sp/></highlight><highlight class="stringliteral">&quot;<sp/><sp/>&quot;</highlight><highlight class="normal">;</highlight></codeline>
<codeline lineno="230"><highlight class="normal"><sp/><sp/><sp/><sp/><sp/><sp/><sp/><sp/><sp/><sp/><sp/><sp/></highlight><highlight class="keywordflow">for</highlight><highlight class="normal">(</highlight><highlight class="keywordtype">int</highlight><highlight class="normal"><sp/>j<sp/>=<sp/>0;<sp/>j<sp/>&lt;<sp/>g.<ref refid="struct_board_1abd6db5048c565a2236812ae739f12638" kindref="member">columns</ref>;<sp/>j++)</highlight></codeline>
<codeline lineno="231"><highlight class="normal"><sp/><sp/><sp/><sp/><sp/><sp/><sp/><sp/><sp/><sp/><sp/><sp/>{</highlight></codeline>
<codeline lineno="232"><highlight class="normal"><sp/><sp/><sp/><sp/><sp/><sp/><sp/><sp/><sp/><sp/><sp/><sp/><sp/><sp/><sp/><sp/>cout<sp/>&lt;&lt;<sp/></highlight><highlight class="stringliteral">&quot;|-----&quot;</highlight><highlight class="normal">;</highlight></codeline>
<codeline lineno="233"><highlight class="normal"><sp/><sp/><sp/><sp/><sp/><sp/><sp/><sp/><sp/><sp/><sp/><sp/>}</highlight></codeline>
<codeline lineno="234"><highlight class="normal"><sp/><sp/><sp/><sp/><sp/><sp/><sp/><sp/><sp/><sp/><sp/><sp/>cout<sp/>&lt;&lt;<sp/></highlight><highlight class="stringliteral">&quot;|&quot;</highlight><highlight class="normal"><sp/>&lt;&lt;<sp/>endl;</highlight></codeline>
<codeline lineno="235"><highlight class="normal"><sp/><sp/><sp/><sp/><sp/><sp/><sp/><sp/><sp/><sp/><sp/><sp/>cout<sp/>&lt;&lt;<sp/>i+1<sp/>&lt;&lt;<sp/></highlight><highlight class="stringliteral">&quot;<sp/>&quot;</highlight><highlight class="normal">;</highlight></codeline>
<codeline lineno="236"><highlight class="normal"><sp/><sp/><sp/><sp/><sp/><sp/><sp/><sp/><sp/><sp/><sp/><sp/></highlight><highlight class="keywordflow">for</highlight><highlight class="normal">(</highlight><highlight class="keywordtype">int</highlight><highlight class="normal"><sp/>j<sp/>=<sp/>0;<sp/>j<sp/>&lt;<sp/>g.<ref refid="struct_board_1abd6db5048c565a2236812ae739f12638" kindref="member">columns</ref>;<sp/>j++)</highlight></codeline>
<codeline lineno="237"><highlight class="normal"><sp/><sp/><sp/><sp/><sp/><sp/><sp/><sp/><sp/><sp/><sp/><sp/>{</highlight></codeline>
<codeline lineno="238"><highlight class="normal"><sp/><sp/><sp/><sp/><sp/><sp/><sp/><sp/><sp/><sp/><sp/><sp/><sp/><sp/><sp/><sp/>cout<sp/>&lt;&lt;<sp/></highlight><highlight class="stringliteral">&quot;|<sp/><sp/>&quot;</highlight><highlight class="normal"><sp/>&lt;&lt;<sp/>b[i][j].<ref refid="struct_players_1abb5b042a3f596d8dcc59ee789e39ab5e" kindref="member">playrBd</ref><sp/>&lt;&lt;<sp/></highlight><highlight class="stringliteral">&quot;<sp/><sp/>&quot;</highlight><highlight class="normal">;</highlight></codeline>
<codeline lineno="239"><highlight class="normal"><sp/><sp/><sp/><sp/><sp/><sp/><sp/><sp/><sp/><sp/><sp/><sp/>}</highlight></codeline>
<codeline lineno="240"><highlight class="normal"><sp/><sp/><sp/><sp/><sp/><sp/><sp/><sp/><sp/><sp/><sp/><sp/>cout<sp/>&lt;&lt;<sp/></highlight><highlight class="stringliteral">&quot;|&quot;</highlight><highlight class="normal"><sp/>&lt;&lt;<sp/>endl;</highlight></codeline>
<codeline lineno="241"><highlight class="normal"><sp/><sp/><sp/><sp/><sp/><sp/><sp/><sp/>}</highlight></codeline>
<codeline lineno="242"><highlight class="normal"><sp/><sp/><sp/><sp/><sp/><sp/><sp/><sp/>cout<sp/>&lt;&lt;<sp/></highlight><highlight class="stringliteral">&quot;<sp/><sp/>&quot;</highlight><highlight class="normal">;</highlight></codeline>
<codeline lineno="243"><highlight class="normal"><sp/><sp/><sp/><sp/><sp/><sp/><sp/><sp/></highlight><highlight class="keywordflow">for</highlight><highlight class="normal">(</highlight><highlight class="keywordtype">int</highlight><highlight class="normal"><sp/>j<sp/>=<sp/>0;<sp/>j<sp/>&lt;<sp/>g.<ref refid="struct_board_1abd6db5048c565a2236812ae739f12638" kindref="member">columns</ref>;<sp/>j++)</highlight></codeline>
<codeline lineno="244"><highlight class="normal"><sp/><sp/><sp/><sp/><sp/><sp/><sp/><sp/>{</highlight></codeline>
<codeline lineno="245"><highlight class="normal"><sp/><sp/><sp/><sp/><sp/><sp/><sp/><sp/><sp/><sp/><sp/><sp/>cout<sp/>&lt;&lt;<sp/></highlight><highlight class="stringliteral">&quot;|-----&quot;</highlight><highlight class="normal">;</highlight></codeline>
<codeline lineno="246"><highlight class="normal"><sp/><sp/><sp/><sp/><sp/><sp/><sp/><sp/>}</highlight></codeline>
<codeline lineno="247"><highlight class="normal"><sp/><sp/><sp/><sp/><sp/><sp/><sp/><sp/>cout<sp/>&lt;&lt;<sp/></highlight><highlight class="stringliteral">&quot;|&quot;</highlight><highlight class="normal"><sp/>&lt;&lt;<sp/>endl<sp/>&lt;&lt;<sp/>endl;</highlight></codeline>
<codeline lineno="248"><highlight class="normal"><sp/><sp/><sp/><sp/></highlight></codeline>
<codeline lineno="249"><highlight class="normal"><sp/><sp/><sp/><sp/><sp/><sp/><sp/><sp/>cout<sp/>&lt;&lt;<sp/></highlight><highlight class="stringliteral">&quot;<sp/><sp/><sp/>Enemy&apos;s<sp/>Board&quot;</highlight><highlight class="normal"><sp/>&lt;&lt;<sp/>endl;</highlight></codeline>
<codeline lineno="250"><highlight class="normal"><sp/><sp/><sp/><sp/><sp/><sp/><sp/><sp/></highlight><highlight class="keywordflow">for</highlight><highlight class="normal">(</highlight><highlight class="keywordtype">int</highlight><highlight class="normal"><sp/>i<sp/>=<sp/>0;<sp/>i<sp/>&lt;<sp/>g.<ref refid="struct_board_1abd6db5048c565a2236812ae739f12638" kindref="member">columns</ref>;<sp/>i++)</highlight></codeline>
<codeline lineno="251"><highlight class="normal"><sp/><sp/><sp/><sp/><sp/><sp/><sp/><sp/>{</highlight></codeline>
<codeline lineno="252"><highlight class="normal"><sp/><sp/><sp/><sp/><sp/><sp/><sp/><sp/><sp/><sp/><sp/><sp/>cout<sp/>&lt;&lt;<sp/></highlight><highlight class="stringliteral">&quot;<sp/><sp/><sp/><sp/><sp/>&quot;</highlight><highlight class="normal"><sp/>&lt;&lt;<sp/>i+1;</highlight></codeline>
<codeline lineno="253"><highlight class="normal"><sp/><sp/><sp/><sp/><sp/><sp/><sp/><sp/>}</highlight></codeline>
<codeline lineno="254"><highlight class="normal"><sp/><sp/><sp/><sp/><sp/><sp/><sp/><sp/>cout<sp/>&lt;&lt;<sp/>endl;</highlight></codeline>
<codeline lineno="255"><highlight class="normal"><sp/><sp/><sp/><sp/><sp/><sp/><sp/><sp/></highlight><highlight class="keywordflow">for</highlight><highlight class="normal">(</highlight><highlight class="keywordtype">int</highlight><highlight class="normal"><sp/>i<sp/>=<sp/>0;<sp/>i<sp/>&lt;<sp/>g.<ref refid="struct_board_1ab0678710e0cb026be902dbb6a8ad8c40" kindref="member">rows</ref>;<sp/>i++)</highlight></codeline>
<codeline lineno="256"><highlight class="normal"><sp/><sp/><sp/><sp/><sp/><sp/><sp/><sp/>{</highlight></codeline>
<codeline lineno="257"><highlight class="normal"><sp/><sp/><sp/><sp/><sp/><sp/><sp/><sp/><sp/><sp/><sp/><sp/>cout<sp/>&lt;&lt;<sp/></highlight><highlight class="stringliteral">&quot;<sp/><sp/>&quot;</highlight><highlight class="normal">;</highlight></codeline>
<codeline lineno="258"><highlight class="normal"><sp/><sp/><sp/><sp/><sp/><sp/><sp/><sp/><sp/><sp/><sp/><sp/></highlight><highlight class="keywordflow">for</highlight><highlight class="normal">(</highlight><highlight class="keywordtype">int</highlight><highlight class="normal"><sp/>j<sp/>=<sp/>0;<sp/>j<sp/>&lt;<sp/>g.<ref refid="struct_board_1abd6db5048c565a2236812ae739f12638" kindref="member">columns</ref>;<sp/>j++)</highlight></codeline>
<codeline lineno="259"><highlight class="normal"><sp/><sp/><sp/><sp/><sp/><sp/><sp/><sp/><sp/><sp/><sp/><sp/>{</highlight></codeline>
<codeline lineno="260"><highlight class="normal"><sp/><sp/><sp/><sp/><sp/><sp/><sp/><sp/><sp/><sp/><sp/><sp/><sp/><sp/><sp/><sp/>cout<sp/>&lt;&lt;<sp/></highlight><highlight class="stringliteral">&quot;|-----&quot;</highlight><highlight class="normal">;</highlight></codeline>
<codeline lineno="261"><highlight class="normal"><sp/><sp/><sp/><sp/><sp/><sp/><sp/><sp/><sp/><sp/><sp/><sp/>}</highlight></codeline>
<codeline lineno="262"><highlight class="normal"><sp/><sp/><sp/><sp/><sp/><sp/><sp/><sp/><sp/><sp/><sp/><sp/>cout<sp/>&lt;&lt;<sp/></highlight><highlight class="stringliteral">&quot;|&quot;</highlight><highlight class="normal"><sp/>&lt;&lt;<sp/>endl;</highlight></codeline>
<codeline lineno="263"><highlight class="normal"><sp/><sp/><sp/><sp/><sp/><sp/><sp/><sp/><sp/><sp/><sp/><sp/>cout<sp/>&lt;&lt;<sp/>i+1<sp/>&lt;&lt;<sp/></highlight><highlight class="stringliteral">&quot;<sp/>&quot;</highlight><highlight class="normal">;</highlight></codeline>
<codeline lineno="264"><highlight class="normal"><sp/><sp/><sp/><sp/><sp/><sp/><sp/><sp/><sp/><sp/><sp/><sp/></highlight><highlight class="keywordflow">for</highlight><highlight class="normal">(</highlight><highlight class="keywordtype">int</highlight><highlight class="normal"><sp/>j<sp/>=<sp/>0;<sp/>j<sp/>&lt;<sp/>g.<ref refid="struct_board_1abd6db5048c565a2236812ae739f12638" kindref="member">columns</ref>;<sp/>j++)</highlight></codeline>
<codeline lineno="265"><highlight class="normal"><sp/><sp/><sp/><sp/><sp/><sp/><sp/><sp/><sp/><sp/><sp/><sp/>{</highlight></codeline>
<codeline lineno="266"><highlight class="normal"><sp/><sp/><sp/><sp/><sp/><sp/><sp/><sp/><sp/><sp/><sp/><sp/><sp/><sp/><sp/><sp/>cout<sp/>&lt;&lt;<sp/></highlight><highlight class="stringliteral">&quot;|<sp/><sp/>&quot;</highlight><highlight class="normal"><sp/>&lt;&lt;<sp/>enmyBlk[i][j]<sp/>&lt;&lt;<sp/></highlight><highlight class="stringliteral">&quot;<sp/><sp/>&quot;</highlight><highlight class="normal">;</highlight></codeline>
<codeline lineno="267"><highlight class="normal"><sp/><sp/><sp/><sp/><sp/><sp/><sp/><sp/><sp/><sp/><sp/><sp/>}</highlight></codeline>
<codeline lineno="268"><highlight class="normal"><sp/><sp/><sp/><sp/><sp/><sp/><sp/><sp/><sp/><sp/><sp/><sp/>cout<sp/>&lt;&lt;<sp/></highlight><highlight class="stringliteral">&quot;|&quot;</highlight><highlight class="normal"><sp/>&lt;&lt;<sp/>endl;</highlight></codeline>
<codeline lineno="269"><highlight class="normal"><sp/><sp/><sp/><sp/><sp/><sp/><sp/><sp/>}</highlight></codeline>
<codeline lineno="270"><highlight class="normal"><sp/><sp/><sp/><sp/><sp/><sp/><sp/><sp/>cout<sp/>&lt;&lt;<sp/></highlight><highlight class="stringliteral">&quot;<sp/><sp/>&quot;</highlight><highlight class="normal">;</highlight></codeline>
<codeline lineno="271"><highlight class="normal"><sp/><sp/><sp/><sp/><sp/><sp/><sp/><sp/></highlight><highlight class="keywordflow">for</highlight><highlight class="normal">(</highlight><highlight class="keywordtype">int</highlight><highlight class="normal"><sp/>j<sp/>=<sp/>0;<sp/>j<sp/>&lt;<sp/>g.<ref refid="struct_board_1abd6db5048c565a2236812ae739f12638" kindref="member">columns</ref>;<sp/>j++)</highlight></codeline>
<codeline lineno="272"><highlight class="normal"><sp/><sp/><sp/><sp/><sp/><sp/><sp/><sp/>{</highlight></codeline>
<codeline lineno="273"><highlight class="normal"><sp/><sp/><sp/><sp/><sp/><sp/><sp/><sp/><sp/><sp/><sp/><sp/>cout<sp/>&lt;&lt;<sp/></highlight><highlight class="stringliteral">&quot;|-----&quot;</highlight><highlight class="normal">;</highlight></codeline>
<codeline lineno="274"><highlight class="normal"><sp/><sp/><sp/><sp/><sp/><sp/><sp/><sp/>}</highlight></codeline>
<codeline lineno="275"><highlight class="normal"><sp/><sp/><sp/><sp/><sp/><sp/><sp/><sp/>cout<sp/>&lt;&lt;<sp/></highlight><highlight class="stringliteral">&quot;|&quot;</highlight><highlight class="normal"><sp/>&lt;&lt;<sp/>endl;</highlight></codeline>
<codeline lineno="276"><highlight class="normal"><sp/><sp/><sp/><sp/></highlight></codeline>
<codeline lineno="277"><highlight class="normal"><sp/><sp/><sp/><sp/><sp/><sp/><sp/><sp/></highlight><highlight class="comment">//Check<sp/>for<sp/>the<sp/>winner</highlight><highlight class="normal"></highlight></codeline>
<codeline lineno="278"><highlight class="normal"><sp/><sp/><sp/><sp/><sp/><sp/><sp/><sp/></highlight><highlight class="keywordflow">if</highlight><highlight class="normal">(playrPts<sp/>==<sp/>g.<ref refid="struct_board_1a8516818f13e7662c7cbda336307cf38e" kindref="member">ships</ref>)</highlight></codeline>
<codeline lineno="279"><highlight class="normal"><sp/><sp/><sp/><sp/><sp/><sp/><sp/><sp/>{</highlight></codeline>
<codeline lineno="280"><highlight class="normal"><sp/><sp/><sp/><sp/><sp/><sp/><sp/><sp/><sp/><sp/><sp/><sp/>cout<sp/>&lt;&lt;<sp/>endl<sp/>&lt;&lt;<sp/></highlight><highlight class="stringliteral">&quot;You<sp/>have<sp/>won<sp/>the<sp/>war!<sp/>The<sp/>enemy<sp/>fleet<sp/>is<sp/>vanquished!&quot;</highlight><highlight class="normal">;</highlight></codeline>
<codeline lineno="281"><highlight class="normal"><sp/><sp/><sp/><sp/><sp/><sp/><sp/><sp/><sp/><sp/><sp/><sp/></highlight><highlight class="keywordflow">break</highlight><highlight class="normal">;</highlight></codeline>
<codeline lineno="282"><highlight class="normal"><sp/><sp/><sp/><sp/><sp/><sp/><sp/><sp/>}</highlight></codeline>
<codeline lineno="283"><highlight class="normal"><sp/><sp/><sp/><sp/><sp/><sp/><sp/></highlight><highlight class="keywordflow">else</highlight><highlight class="normal"><sp/></highlight><highlight class="keywordflow">if</highlight><highlight class="normal">(enmyPts<sp/>==<sp/>g.<ref refid="struct_board_1a8516818f13e7662c7cbda336307cf38e" kindref="member">ships</ref>)</highlight></codeline>
<codeline lineno="284"><highlight class="normal"><sp/><sp/><sp/><sp/><sp/><sp/><sp/><sp/>{</highlight></codeline>
<codeline lineno="285"><highlight class="normal"><sp/><sp/><sp/><sp/><sp/><sp/><sp/><sp/><sp/><sp/><sp/><sp/>cout<sp/>&lt;&lt;<sp/>endl<sp/>&lt;&lt;<sp/></highlight><highlight class="stringliteral">&quot;You<sp/>have<sp/>been<sp/>defeated<sp/>by<sp/>the<sp/>enemy.<sp/>Your<sp/>fleet<sp/>has<sp/>been<sp/>decimated&quot;</highlight><highlight class="normal">;</highlight></codeline>
<codeline lineno="286"><highlight class="normal"><sp/><sp/><sp/><sp/><sp/><sp/><sp/><sp/><sp/><sp/><sp/><sp/></highlight><highlight class="keywordflow">break</highlight><highlight class="normal">;</highlight></codeline>
<codeline lineno="287"><highlight class="normal"><sp/><sp/><sp/><sp/><sp/><sp/><sp/><sp/>}</highlight></codeline>
<codeline lineno="288"><highlight class="normal"><sp/><sp/><sp/><sp/></highlight></codeline>
<codeline lineno="289"><highlight class="normal"><sp/><sp/><sp/><sp/><sp/><sp/><sp/><sp/></highlight><highlight class="comment">//Get<sp/>coordinates<sp/>to<sp/>attack<sp/>the<sp/>enemy</highlight><highlight class="normal"></highlight></codeline>
<codeline lineno="290"><highlight class="normal"><sp/><sp/><sp/><sp/><sp/><sp/><sp/><sp/>cout<sp/>&lt;&lt;<sp/>endl<sp/>&lt;&lt;<sp/></highlight><highlight class="stringliteral">&quot;Where<sp/>do<sp/>you<sp/>wish<sp/>to<sp/>launch<sp/>an<sp/>attack,<sp/>Captain?&quot;</highlight><highlight class="normal"><sp/>&lt;&lt;<sp/>endl;</highlight></codeline>
<codeline lineno="291"><highlight class="normal"><sp/><sp/><sp/><sp/><sp/><sp/><sp/><sp/>cout<sp/>&lt;&lt;<sp/></highlight><highlight class="stringliteral">&quot;Row:<sp/>&quot;</highlight><highlight class="normal">;</highlight></codeline>
<codeline lineno="292"><highlight class="normal"><sp/><sp/><sp/><sp/><sp/><sp/><sp/><sp/>cin<sp/>&gt;&gt;<sp/>row;</highlight></codeline>
<codeline lineno="293"><highlight class="normal"><sp/><sp/><sp/><sp/><sp/><sp/><sp/><sp/></highlight><highlight class="keywordflow">while</highlight><highlight class="normal">(row<sp/>&lt;=<sp/>0<sp/>||row<sp/>&gt;<sp/>g.<ref refid="struct_board_1ab0678710e0cb026be902dbb6a8ad8c40" kindref="member">rows</ref>)</highlight></codeline>
<codeline lineno="294"><highlight class="normal"><sp/><sp/><sp/><sp/><sp/><sp/><sp/><sp/>{</highlight></codeline>
<codeline lineno="295"><highlight class="normal"><sp/><sp/><sp/><sp/><sp/><sp/><sp/><sp/><sp/><sp/><sp/><sp/>cout<sp/>&lt;&lt;<sp/>endl<sp/>&lt;&lt;<sp/></highlight><highlight class="stringliteral">&quot;Invalid<sp/>input.<sp/>Try<sp/>again&quot;</highlight><highlight class="normal"><sp/>&lt;&lt;<sp/>endl;</highlight></codeline>
<codeline lineno="296"><highlight class="normal"><sp/><sp/><sp/><sp/><sp/><sp/><sp/><sp/><sp/><sp/><sp/>cout<sp/>&lt;&lt;<sp/></highlight><highlight class="stringliteral">&quot;Row:<sp/>&quot;</highlight><highlight class="normal">;</highlight></codeline>
<codeline lineno="297"><highlight class="normal"><sp/><sp/><sp/><sp/><sp/><sp/><sp/><sp/><sp/><sp/><sp/><sp/>cin<sp/>&gt;&gt;<sp/>row;</highlight></codeline>
<codeline lineno="298"><highlight class="normal"><sp/><sp/><sp/><sp/><sp/><sp/><sp/><sp/>}</highlight></codeline>
<codeline lineno="299"><highlight class="normal"><sp/><sp/><sp/><sp/><sp/><sp/><sp/><sp/>cout<sp/>&lt;&lt;<sp/></highlight><highlight class="stringliteral">&quot;Column:<sp/>&quot;</highlight><highlight class="normal">;</highlight></codeline>
<codeline lineno="300"><highlight class="normal"><sp/><sp/><sp/><sp/><sp/><sp/><sp/><sp/>cin<sp/>&gt;&gt;<sp/>column;<sp/></highlight></codeline>
<codeline lineno="301"><highlight class="normal"><sp/><sp/><sp/><sp/><sp/><sp/><sp/><sp/></highlight></codeline>
<codeline lineno="302"><highlight class="normal"><sp/><sp/><sp/><sp/><sp/><sp/><sp/></highlight><highlight class="comment">//Confirm<sp/>user&apos;s<sp/>move</highlight><highlight class="normal"></highlight></codeline>
<codeline lineno="303"><highlight class="normal"><sp/><sp/><sp/><sp/><sp/><sp/><sp/></highlight><highlight class="keywordflow">while</highlight><highlight class="normal">(column<sp/>&lt;=<sp/>0<sp/>||<sp/>column<sp/>&gt;<sp/>g.<ref refid="struct_board_1abd6db5048c565a2236812ae739f12638" kindref="member">columns</ref>)</highlight></codeline>
<codeline lineno="304"><highlight class="normal"><sp/><sp/><sp/><sp/><sp/><sp/><sp/><sp/>{</highlight></codeline>
<codeline lineno="305"><highlight class="normal"><sp/><sp/><sp/><sp/><sp/><sp/><sp/><sp/><sp/><sp/><sp/><sp/>cout<sp/>&lt;&lt;<sp/>endl<sp/>&lt;&lt;<sp/></highlight><highlight class="stringliteral">&quot;Invalid<sp/>input.<sp/>Try<sp/>again&quot;</highlight><highlight class="normal"><sp/>&lt;&lt;<sp/>endl;</highlight></codeline>
<codeline lineno="306"><highlight class="normal"><sp/><sp/><sp/><sp/><sp/><sp/><sp/><sp/><sp/><sp/><sp/><sp/>cout<sp/>&lt;&lt;<sp/></highlight><highlight class="stringliteral">&quot;Column:<sp/>&quot;</highlight><highlight class="normal">;</highlight></codeline>
<codeline lineno="307"><highlight class="normal"><sp/><sp/><sp/><sp/><sp/><sp/><sp/><sp/><sp/><sp/><sp/><sp/>cin<sp/>&gt;&gt;<sp/>column;</highlight></codeline>
<codeline lineno="308"><highlight class="normal"><sp/><sp/><sp/><sp/><sp/><sp/><sp/><sp/>}</highlight></codeline>
<codeline lineno="309"><highlight class="normal"><sp/><sp/><sp/><sp/></highlight></codeline>
<codeline lineno="310"><highlight class="normal"><sp/><sp/><sp/><sp/><sp/><sp/><sp/><sp/></highlight><highlight class="keywordflow">if</highlight><highlight class="normal">(b[row-1][column-1].<ref refid="struct_players_1a6121609150ccdce226350cc99ae2f5e6" kindref="member">enemyBd</ref><sp/>==<sp/></highlight><highlight class="charliteral">&apos;<sp/>&apos;</highlight><highlight class="normal">)</highlight></codeline>
<codeline lineno="311"><highlight class="normal"><sp/><sp/><sp/><sp/><sp/><sp/><sp/><sp/>{</highlight></codeline>
<codeline lineno="312"><highlight class="normal"><sp/><sp/><sp/><sp/><sp/><sp/><sp/><sp/><sp/><sp/><sp/><sp/>b[row-1][column-1].<ref refid="struct_players_1a6121609150ccdce226350cc99ae2f5e6" kindref="member">enemyBd</ref><sp/>=<sp/></highlight><highlight class="charliteral">&apos;X&apos;</highlight><highlight class="normal">;</highlight></codeline>
<codeline lineno="313"><highlight class="normal"><sp/><sp/><sp/><sp/><sp/><sp/><sp/><sp/><sp/><sp/><sp/><sp/>enmyBlk[row-1][column-1]<sp/>=<sp/></highlight><highlight class="charliteral">&apos;X&apos;</highlight><highlight class="normal">;</highlight></codeline>
<codeline lineno="314"><highlight class="normal"><sp/><sp/><sp/><sp/><sp/><sp/><sp/><sp/><sp/><sp/><sp/><sp/>cout<sp/>&lt;&lt;<sp/>endl<sp/>&lt;&lt;<sp/></highlight><highlight class="stringliteral">&quot;You<sp/>missed<sp/>the<sp/>enemy&quot;</highlight><highlight class="normal">;</highlight></codeline>
<codeline lineno="315"><highlight class="normal"><sp/><sp/><sp/><sp/><sp/><sp/><sp/><sp/>}</highlight></codeline>
<codeline lineno="316"><highlight class="normal"><sp/><sp/><sp/><sp/><sp/><sp/><sp/><sp/></highlight><highlight class="keywordflow">else</highlight><highlight class="normal"><sp/></highlight><highlight class="keywordflow">if</highlight><highlight class="normal">(b[row-1][column-1].<ref refid="struct_players_1a6121609150ccdce226350cc99ae2f5e6" kindref="member">enemyBd</ref><sp/>==<sp/></highlight><highlight class="charliteral">&apos;O&apos;</highlight><highlight class="normal">)</highlight></codeline>
<codeline lineno="317"><highlight class="normal"><sp/><sp/><sp/><sp/><sp/><sp/><sp/><sp/>{</highlight></codeline>
<codeline lineno="318"><highlight class="normal"><sp/><sp/><sp/><sp/><sp/><sp/><sp/><sp/><sp/><sp/><sp/><sp/>b[row-1][column-1].<ref refid="struct_players_1a6121609150ccdce226350cc99ae2f5e6" kindref="member">enemyBd</ref><sp/>=<sp/></highlight><highlight class="charliteral">&apos;+&apos;</highlight><highlight class="normal">;</highlight></codeline>
<codeline lineno="319"><highlight class="normal"><sp/><sp/><sp/><sp/><sp/><sp/><sp/><sp/><sp/><sp/><sp/><sp/>enmyBlk[row-1][column-1]<sp/>=<sp/></highlight><highlight class="charliteral">&apos;+&apos;</highlight><highlight class="normal">;</highlight></codeline>
<codeline lineno="320"><highlight class="normal"><sp/><sp/><sp/><sp/><sp/><sp/><sp/><sp/><sp/><sp/><sp/><sp/>cout<sp/>&lt;&lt;<sp/>endl<sp/>&lt;&lt;<sp/></highlight><highlight class="stringliteral">&quot;You<sp/>took<sp/>out<sp/>one<sp/>of<sp/>the<sp/>enemy<sp/>ships!&quot;</highlight><highlight class="normal">;</highlight></codeline>
<codeline lineno="321"><highlight class="normal"><sp/><sp/><sp/><sp/><sp/><sp/><sp/><sp/><sp/><sp/><sp/><sp/>playrPts++;</highlight></codeline>
<codeline lineno="322"><highlight class="normal"><sp/><sp/><sp/><sp/><sp/><sp/><sp/><sp/>}</highlight></codeline>
<codeline lineno="323"><highlight class="normal"><sp/><sp/><sp/><sp/><sp/><sp/><sp/><sp/></highlight><highlight class="keywordflow">else</highlight><highlight class="normal"><sp/></highlight><highlight class="keywordflow">if</highlight><highlight class="normal">(b[row-1][column-1].<ref refid="struct_players_1a6121609150ccdce226350cc99ae2f5e6" kindref="member">enemyBd</ref><sp/>==<sp/></highlight><highlight class="charliteral">&apos;X&apos;</highlight><highlight class="normal"><sp/>||<sp/></highlight></codeline>
<codeline lineno="324"><highlight class="normal"><sp/><sp/><sp/><sp/><sp/><sp/><sp/><sp/><sp/><sp/><sp/><sp/><sp/><sp/><sp/><sp/>b[row-1][column-1].<ref refid="struct_players_1a6121609150ccdce226350cc99ae2f5e6" kindref="member">enemyBd</ref><sp/>==<sp/></highlight><highlight class="charliteral">&apos;+&apos;</highlight><highlight class="normal">)</highlight></codeline>
<codeline lineno="325"><highlight class="normal"><sp/><sp/><sp/><sp/><sp/><sp/><sp/><sp/>{</highlight></codeline>
<codeline lineno="326"><highlight class="normal"><sp/><sp/><sp/><sp/><sp/><sp/><sp/><sp/><sp/><sp/><sp/><sp/>cout<sp/>&lt;&lt;<sp/>endl<sp/>&lt;&lt;<sp/></highlight><highlight class="stringliteral">&quot;That<sp/>spot<sp/>has<sp/>already<sp/>been<sp/>attacked.<sp/>That<sp/>was<sp/>a<sp/>waste<sp/>of<sp/>a<sp/>turn&quot;</highlight><highlight class="normal">;</highlight></codeline>
<codeline lineno="327"><highlight class="normal"><sp/><sp/><sp/><sp/><sp/><sp/><sp/><sp/>}</highlight></codeline>
<codeline lineno="328"><highlight class="normal"><sp/><sp/><sp/><sp/><sp/><sp/><sp/><sp/></highlight></codeline>
<codeline lineno="329"><highlight class="normal"><sp/><sp/><sp/><sp/><sp/><sp/><sp/><sp/></highlight><highlight class="comment">//Confirm<sp/>enemy&apos;s<sp/>move</highlight><highlight class="normal"></highlight></codeline>
<codeline lineno="330"><highlight class="normal"><sp/><sp/><sp/><sp/><sp/><sp/><sp/><sp/>enmyRow<sp/>=<sp/>(rand()<sp/>%<sp/>g.<ref refid="struct_board_1ab0678710e0cb026be902dbb6a8ad8c40" kindref="member">rows</ref>);</highlight></codeline>
<codeline lineno="331"><highlight class="normal"><sp/><sp/><sp/><sp/><sp/><sp/><sp/><sp/>enmyCol<sp/>=<sp/>(rand()<sp/>%<sp/>g.<ref refid="struct_board_1abd6db5048c565a2236812ae739f12638" kindref="member">columns</ref>);</highlight></codeline>
<codeline lineno="332"><highlight class="normal"><sp/><sp/><sp/><sp/><sp/><sp/><sp/><sp/><sp/><sp/><sp/><sp/></highlight></codeline>
<codeline lineno="333"><highlight class="normal"><sp/><sp/><sp/><sp/><sp/><sp/><sp/><sp/></highlight><highlight class="keywordflow">if</highlight><highlight class="normal">(b[enmyRow][enmyCol].<ref refid="struct_players_1abb5b042a3f596d8dcc59ee789e39ab5e" kindref="member">playrBd</ref><sp/>==<sp/></highlight><highlight class="charliteral">&apos;O&apos;</highlight><highlight class="normal">)</highlight></codeline>
<codeline lineno="334"><highlight class="normal"><sp/><sp/><sp/><sp/><sp/><sp/><sp/><sp/>{</highlight></codeline>
<codeline lineno="335"><highlight class="normal"><sp/><sp/><sp/><sp/><sp/><sp/><sp/><sp/><sp/><sp/><sp/><sp/>b[enmyRow][enmyCol].<ref refid="struct_players_1abb5b042a3f596d8dcc59ee789e39ab5e" kindref="member">playrBd</ref><sp/>=<sp/></highlight><highlight class="charliteral">&apos;+&apos;</highlight><highlight class="normal">;</highlight></codeline>
<codeline lineno="336"><highlight class="normal"><sp/><sp/><sp/><sp/><sp/><sp/><sp/><sp/><sp/><sp/><sp/><sp/>cout<sp/>&lt;&lt;<sp/>endl<sp/>&lt;&lt;<sp/></highlight><highlight class="stringliteral">&quot;Noooo!<sp/>You&apos;ve<sp/>been<sp/>hit!&quot;</highlight><highlight class="normal">;</highlight></codeline>
<codeline lineno="337"><highlight class="normal"><sp/><sp/><sp/><sp/><sp/><sp/><sp/><sp/><sp/><sp/><sp/><sp/>enmyPts++;</highlight></codeline>
<codeline lineno="338"><highlight class="normal"><sp/><sp/><sp/><sp/><sp/><sp/><sp/><sp/>}</highlight></codeline>
<codeline lineno="339"><highlight class="normal"><sp/><sp/><sp/><sp/><sp/><sp/><sp/><sp/></highlight><highlight class="keywordflow">else</highlight><highlight class="normal"><sp/></highlight><highlight class="keywordflow">if</highlight><highlight class="normal">(b[enmyRow][enmyCol].<ref refid="struct_players_1abb5b042a3f596d8dcc59ee789e39ab5e" kindref="member">playrBd</ref><sp/>==<sp/></highlight><highlight class="charliteral">&apos;<sp/>&apos;</highlight><highlight class="normal">)</highlight></codeline>
<codeline lineno="340"><highlight class="normal"><sp/><sp/><sp/><sp/><sp/><sp/><sp/><sp/>{</highlight></codeline>
<codeline lineno="341"><highlight class="normal"><sp/><sp/><sp/><sp/><sp/><sp/><sp/><sp/><sp/><sp/><sp/><sp/>b[enmyRow][enmyCol].<ref refid="struct_players_1abb5b042a3f596d8dcc59ee789e39ab5e" kindref="member">playrBd</ref><sp/>=<sp/></highlight><highlight class="charliteral">&apos;X&apos;</highlight><highlight class="normal">;</highlight></codeline>
<codeline lineno="342"><highlight class="normal"><sp/><sp/><sp/><sp/><sp/><sp/><sp/><sp/>}</highlight></codeline>
<codeline lineno="343"><highlight class="normal"><sp/><sp/><sp/><sp/><sp/><sp/><sp/><sp/></highlight><highlight class="keywordflow">else</highlight><highlight class="normal"><sp/></highlight><highlight class="keywordflow">if</highlight><highlight class="normal">(b[enmyRow][enmyCol].<ref refid="struct_players_1a6121609150ccdce226350cc99ae2f5e6" kindref="member">enemyBd</ref><sp/>==<sp/></highlight><highlight class="charliteral">&apos;X&apos;</highlight><highlight class="normal"><sp/>||<sp/></highlight></codeline>
<codeline lineno="344"><highlight class="normal"><sp/><sp/><sp/><sp/><sp/><sp/><sp/><sp/><sp/><sp/><sp/><sp/><sp/><sp/><sp/><sp/>b[enmyRow][enmyCol].<ref refid="struct_players_1a6121609150ccdce226350cc99ae2f5e6" kindref="member">enemyBd</ref><sp/>==<sp/></highlight><highlight class="charliteral">&apos;+&apos;</highlight><highlight class="normal">)</highlight></codeline>
<codeline lineno="345"><highlight class="normal"><sp/><sp/><sp/><sp/><sp/><sp/><sp/><sp/>{</highlight></codeline>
<codeline lineno="346"><highlight class="normal"><sp/><sp/><sp/><sp/><sp/><sp/><sp/><sp/><sp/><sp/><sp/><sp/>cout<sp/>&lt;&lt;<sp/>endl<sp/>&lt;&lt;<sp/></highlight><highlight class="stringliteral">&quot;The<sp/>enemy<sp/>missed<sp/>you&quot;</highlight><highlight class="normal">;</highlight></codeline>
<codeline lineno="347"><highlight class="normal"><sp/><sp/><sp/><sp/><sp/><sp/><sp/><sp/>}</highlight></codeline>
<codeline lineno="348"><highlight class="normal"><sp/><sp/><sp/><sp/>}</highlight></codeline>
<codeline lineno="349"><highlight class="normal">}</highlight></codeline>
    </programlisting>
    <location file="C:/Users/Nornubari's Laptop/Desktop/KanaboloNornubari_CSC17a_43950/Projects/CSC17A_Project_1/main.cpp"/>
  </compounddef>
</doxygen>
