<?xml version='1.0' encoding='UTF-8' standalone='no'?>
<doxygen xmlns:xsi="http://www.w3.org/2001/XMLSchema-instance" xsi:noNamespaceSchemaLocation="compound.xsd" version="1.8.9.1">
  <compounddef id="namespacestd" kind="namespace" language="C++">
    <compoundname>std</compoundname>
    <briefdescription>
    </briefdescription>
    <detaileddescription>
    </detaileddescription>
    <location file="C:/Users/Nornubari's Laptop/Desktop/KanaboloNornubari_CSC17a_43950/Projects/CSC17A_Project_1/main.cpp" line="15" column="1"/>
  </compounddef>
</doxygen>
