<?xml version='1.0' encoding='UTF-8' standalone='no'?>
<doxygen xmlns:xsi="http://www.w3.org/2001/XMLSchema-instance" xsi:noNamespaceSchemaLocation="compound.xsd" version="1.8.9.1">
  <compounddef id="struct_players" kind="struct" language="C++" prot="public">
    <compoundname>Players</compoundname>
    <includes refid="_players_8h" local="no">Players.h</includes>
      <sectiondef kind="public-attrib">
      <memberdef kind="variable" id="struct_players_1abb5b042a3f596d8dcc59ee789e39ab5e" prot="public" static="no" mutable="no">
        <type>char</type>
        <definition>char Players::playrBd</definition>
        <argsstring></argsstring>
        <name>playrBd</name>
        <briefdescription>
        </briefdescription>
        <detaileddescription>
        </detaileddescription>
        <inbodydescription>
        </inbodydescription>
        <location file="C:/Users/Nornubari's Laptop/Desktop/KanaboloNornubari_CSC17a_43950/Projects/CSC17A_Project_1/Players.h" line="17" column="1" bodyfile="C:/Users/Nornubari's Laptop/Desktop/KanaboloNornubari_CSC17a_43950/Projects/CSC17A_Project_1/Players.h" bodystart="17" bodyend="-1"/>
      </memberdef>
      <memberdef kind="variable" id="struct_players_1a6121609150ccdce226350cc99ae2f5e6" prot="public" static="no" mutable="no">
        <type>char</type>
        <definition>char Players::enemyBd</definition>
        <argsstring></argsstring>
        <name>enemyBd</name>
        <briefdescription>
        </briefdescription>
        <detaileddescription>
        </detaileddescription>
        <inbodydescription>
        </inbodydescription>
        <location file="C:/Users/Nornubari's Laptop/Desktop/KanaboloNornubari_CSC17a_43950/Projects/CSC17A_Project_1/Players.h" line="18" column="1" bodyfile="C:/Users/Nornubari's Laptop/Desktop/KanaboloNornubari_CSC17a_43950/Projects/CSC17A_Project_1/Players.h" bodystart="18" bodyend="-1"/>
      </memberdef>
      </sectiondef>
    <briefdescription>
    </briefdescription>
    <detaileddescription>
    </detaileddescription>
    <location file="C:/Users/Nornubari's Laptop/Desktop/KanaboloNornubari_CSC17a_43950/Projects/CSC17A_Project_1/Players.h" line="16" column="1" bodyfile="C:/Users/Nornubari's Laptop/Desktop/KanaboloNornubari_CSC17a_43950/Projects/CSC17A_Project_1/Players.h" bodystart="15" bodyend="19"/>
    <listofallmembers>
      <member refid="struct_players_1a6121609150ccdce226350cc99ae2f5e6" prot="public" virt="non-virtual"><scope>Players</scope><name>enemyBd</name></member>
      <member refid="struct_players_1abb5b042a3f596d8dcc59ee789e39ab5e" prot="public" virt="non-virtual"><scope>Players</scope><name>playrBd</name></member>
    </listofallmembers>
  </compounddef>
</doxygen>
